Date,BCE.TO,RCI.B.TO,TRI.TO,QBR.B.TO,TCL.A.TO,CCA.TO,T.TO
2016-08-31,-0.012488656,-0.002844874,-0.001656107,0.005500196,0.027456731,0.007117491,-0.005794193
2016-09-01,0.00130473,0.011331707,0.008799547,-0.004748546,-0.004698575,0.011595029,0.0140796
2016-09-02,0.008278555,0.007367152,0.004734038,0.00649201,0.004698575,0.006521973,0.006624743
2016-09-06,-0.001293966,-0.002800154,-0.009490784,0.006202771,0.001561374,0.001082685,-0.002964179
2016-09-07,-0.002917788,-0.017112633,-0.003858296,-0.011693299,-0.013086095,-0.017624894,-0.010206755
2016-09-08,0.002593905,-0.005950999,-0.007205829,-0.009302317,-0.005812095,0.002671224,-0.004439602
2016-09-09,-0.013366176,-0.009632173,-0.016640283,-0.008879678,-0.047757338,-0.010253031,-0.015815408
2016-09-12,0.005727013,-0.000182602,0.016269477,0.006350827,-0.005015473,0.001900689,0.001664308
2016-09-13,-0.011400088,-0.003109818,-0.011192083,-0.014796301,-0.000558768,-0.008103421,-0.009546603
2016-09-14,0.003498681,0.001830528,-0.00037541,0.022867031,0.018826538,0.007470412,0
2016-09-15,0.005803507,0.023675003,0.008409209,0.000251036,-0.008261932,-0.003649155,0.010258653
2016-09-16,-0.007801386,-0.019659802,0.019349962,-0.005540123,0.014277933,0.001429745,-0.002376358
2016-09-19,0.000666537,0.009607797,-0.018234151,-0.002022323,-0.018712635,0.00931962,0.000238073
2016-09-20,0.004320311,0.005935579,0.007407283,0.002022323,-0.013423176,0.014672035,0.007346977
2016-09-21,0.003971387,0.00125471,-0.005179388,-0.003541603,-0.00394914,0,0.008932539
2016-09-22,0.007895868,0.003754394,0.014727942,0.003541603,0.025670738,0.011706717,0.006298942
2016-09-23,-0.006575413,-0.006624254,-0.004395876,0.003277262,-0.007188101,-0.013412558,-0.001862183
2016-09-26,0.000989137,0.002153144,-0.006814543,-0.002015519,-0.012283724,-0.008572974,0.001397278
2016-09-27,-0.001484072,0.005184902,-0.001294676,0.004027344,-0.009596464,0.003281874,0.000697609
2016-09-28,-0.000495255,-0.000356912,0,0.004761037,0.014080882,0.016711213,0.00487074
2016-09-29,0.006254078,-0.000178549,-0.005008634,0.003743324,0.00872138,-0.004306147,0.00138719
2016-09-30,-0.005924046,-0.006982385,0.008887075,-0.006998488,-0.012968848,-0.002005068,0.000231066
2016-10-03,-0.00132113,-0.001438237,0.001474045,0,-0.007405461,0.001388415,0.000461907
2016-10-04,-0.005302366,-0.003785365,-0.003688372,0.001002378,-0.010922949,-0.002315588,-0.00486066
2016-10-05,-0.005330731,-0.004525519,0.00331975,-0.010832296,0.005189076,-0.010097177,-0.006984622
2016-10-06,0.001668813,0.002536884,-0.003135178,-0.004060894,-0.00287923,-0.000312166,0.001400593
2016-10-07,-0.009045168,-0.019368451,-0.006113625,-0.014602781,0.00287923,-0.014155479,-0.013151934
2016-10-11,0.004700107,0.000737827,-0.021983162,-0.019807683,-0.001726428,-0.001902715,0.000945341
2016-10-12,0.010495632,0.005148765,0.002656212,0.00026325,0.003449881,0.000317139,0.011272861
2016-10-13,0.000662967,0.001832797,-0.002656212,0.00131521,-0.001723453,-0.010205732,0.000700348
2016-10-14,-0.001325926,-0.005139664,-0.006288556,-0.008976086,-0.003456254,-0.000962109,-0.003272451
2016-10-17,-0.001659772,-0.00239527,-0.00153064,0.004497862,-0.000577027,0.002243657,-0.006577272
2016-10-18,0.006127541,0.006068756,0.00057424,0.007626876,0.050108621,0.010034233,0.008682515
2016-10-19,0.001319822,-0.010505968,-0.001915623,-0.002886257,-0.005506302,-0.004924983,-0.002339447
2016-10-20,-0.00098979,-0.005201538,0.00363644,0.001313076,-0.001104955,-0.002711162,-0.004694572
2016-10-21,0.004446433,0.007237659,0.011773517,-0.003153932,-0.004987543,-0.00400027,0.009833512
2016-10-24,0.004426627,-0.003890563,0.003580762,-0.011649405,0.009400058,-0.002729363,0.004881194
2016-10-25,-0.009203091,-0.00876324,-0.009450292,0.008221341,-0.012181975,0.008803452,-0.005113853
2016-10-26,-0.000991097,0.001310459,0.007567398,0.005006524,0.005001561,-0.001115863,0.000465996
2016-10-27,-0.000661369,0.000560743,-0.001886518,-0.006592219,-0.000554311,0.002230842,0.00673229
2016-10-28,0.000991926,0.00298628,-0.001322905,-0.008501591,-0.008913808,-0.002869384,0.001155872
2016-10-31,0.006750911,0.005574926,-0.000567203,0.004259957,0.003909467,-0.001277987,0.003691127
2016-11-01,-0.010889859,-0.003155609,0.038776646,-0.015259548,-0.018565888,-0.006897098,-0.002997664
2016-11-02,-0.006657697,-0.012533743,-0.000910149,-0.002701187,-0.004553316,-0.00403172,-0.016063745
2016-11-03,-0.004183871,0.002068285,-0.001640659,-0.002436999,-0.005147119,0.000807451,-0.004940641
2016-11-04,-0.006055304,-0.009626884,-0.000182598,0.009713845,-0.003446655,0.004832634,0
2016-11-07,0.00722891,0.000568718,0.011611339,0.001341713,0.015415755,-0.003864152,0.013353704
2016-11-08,-0.001676743,-0.002087391,-0.001805388,0.0016073,0.002263932,0.003703174,0.001162925
2016-11-09,-0.006734014,-0.017631745,0.00971045,0.003208144,0.002822264,0.00176654,-0.010515202
2016-11-10,-0.025837617,-0.018539168,0.008375702,-0.001602594,0.010095516,-0.012918273,-0.016102685
2016-11-11,-0.004168681,-0.002760798,-0.003555552,-0.011020609,0.006119852,0.005834104,-0.004545961
2016-11-14,-0.008741394,0.003745514,0.003378128,-0.00650696,-0.017343383,-0.001791721,-0.011335194
2016-11-15,0.016198358,0.013097589,-0.000202067,-0.001088903,-0.003958182,0.024633153,0.009414833
2016-11-16,0.001208473,0.005229957,0.001967518,0.001498389,-0.001700975,-0.007022034,0.001440548
2016-11-17,0.008248874,0.001930163,0.011371832,0.023410007,0.003964907,0.016203745,0.007648432
2016-11-18,0.001197489,-0.006771907,0.006515997,0.006627074,0.022912316,0.002361066,-0.004055774
2016-11-21,-0.008929008,0.003294957,-0.002108828,0,0.01044252,0.008453436,0.003579185
2016-11-22,-0.005187461,0.004248057,0.008582464,-0.000528323,0.0301586,-0.002028963,-0.000714935
2016-11-23,0.002942683,-0.00192887,0.001742269,-0.005035481,0.009503696,-0.000780988,0.007362547
2016-11-24,0.001727423,0.004430226,0.0055559,0.002653334,-0.005268635,-0.000782125,0.001891509
2016-11-25,0.003617093,0.005558288,0.00500796,-0.00132585,-0.007423188,0.002812205,0.002358642
2016-11-28,-0.000343643,0.000764597,-0.001723945,-0.009061784,0,-0.00046811,-0.003776854
2016-11-29,0.006343858,0.003050714,0.005334935,0.002674035,-0.000532635,0.010094083,0.003069939
2016-11-30,-0.010653212,-0.011874955,-0.004645088,-0.028163061,-0.006946069,-0.002630457,-0.010667392
2016-12-01,-0.014616519,-0.024577347,-0.009007473,-0.020533995,-0.00483719,-0.009338357,-0.008616583
2016-12-02,0.00559339,0.00904284,0.001043384,-0.008163067,0.001076528,-0.001408383,0.011709966
2016-12-05,0.005042112,0.000195843,0.000173721,0.000847598,0.013896705,0.006555483,0.002372906
2016-12-06,0.0008668,-0.00078303,0.000173935,0.030043806,0.036992824,0.001243461,0.002131163
2016-12-07,0.010171807,0.02551866,0.014319102,0.001916848,0.065337568,0.005423523,0.007151515
2016-12-08,-0.00034341,0.000577397,-0.000171221,0.005999339,0.026012284,0.004625461,0.006156788
2016-12-09,0.002056918,-0.00676138,0.010735313,0.001086768,0.00790539,-0.001539444,0.003299784
2016-12-12,0.007676306,0.007339074,-0.000678098,0.011610844,0.011970428,0.002922777,0.002115043
2016-12-13,-0.001669413,0.004607188,0.010292682,-0.006733986,0.005477401,-0.000307044,0.009348217
2016-12-14,-0.014570777,-0.009042528,-0.00033563,0.002159967,0.004994128,0.003680821,-0.01099293
2016-12-15,0.00244319,-0.006982164,-0.002522367,-0.0051374,-0.014598703,0.003667475,0.002348867
2016-12-16,-0.001570145,-0.009975757,-0.003879178,0.005676535,0.026305351,0.006840695,0.000703725
2016-12-19,0.002093075,0.016764554,0.001182157,0.004303481,0.000894777,-0.009742859,0.003043566
2016-12-20,-0.000348494,-0.010298406,0.000506273,-0.003764829,-0.016685779,0.008529932,-0.009394188
2016-12-21,0.001393043,0.005842247,0.002527569,0.00671261,-0.009595538,-0.008376898,-0.000235947
2016-12-22,0.011764971,0.010815053,0.00016826,0.007464431,-0.003680062,0.010044105,0.006821035
2016-12-23,0.00206184,0.000192045,0.000336565,-0.0050593,0.031302331,0.001361848,0.002575162
2016-12-28,-0.003610893,-0.002499926,-0.002863601,-0.006695982,-0.016209468,0.003170388,-0.000467646
2016-12-29,0.004983112,0.007480866,-0.001012653,0.006963074,0.030400174,-0.000150744,0.006295699
2016-12-30,-0.005327704,-0.010372747,-0.00779792,-0.004011337,-0.014983774,-0.001357739,-0.006295699
2017-01-03,0.006869063,0.004431238,0.002888819,-0.002145743,0.008972597,-0.001359434,0.007921837
2017-01-04,0.00409906,0.003837284,0.00118712,0.004821925,0.009335338,0.009778085,0.009699737
2017-01-05,0.00425195,0.008580296,0.004059566,-0.007241602,0.00617543,0.002093644,0.01573392
2017-01-06,-0.006128548,-0.008963488,0.001518308,0.005904534,0.00395003,0.000597422,-0.002718347
2017-01-09,-0.010643977,-0.01544405,-0.006255973,0.019870511,-0.006151072,-0.000597422,-0.003408953
2017-01-10,0.000862734,-0.003898817,0.000847665,0.004449944,0.007464269,-0.004941933,0.000227827
2017-01-11,0.000172263,-0.008040158,0.00236962,-0.006287776,-0.001313196,0.000450264,0.002727253
2017-01-12,0.001895109,0.013493953,-0.002030941,0.006287776,0,0.003893667,-0.002045176
2017-01-13,0.001375657,-0.005649275,0.002707207,0.002086901,-0.003070744,0.04486785,0.003859178
2017-01-16,0.001202174,0.000390751,-0.004402573,0.008822507,0.003070744,0.010661862,-0.00294978
2017-01-17,0.004110919,-0.006072023,-0.007323529,-0.000516952,-0.01589442,-0.014958658,-0.004782947
2017-01-18,-0.0075496,0.020996146,0.005455351,0.005413032,-0.010288712,0.006723474,-0.006183366
2017-01-19,0.00601001,0.000961405,0.005932707,0.006916704,-0.012669605,0.005686615,0.001836004
2017-01-20,0.008863104,0.0146909,0.013929609,-0.001021595,0.001365122,0.008188941,0.005260223
2017-01-23,-0.004080862,0.008110828,-0.007360471,-0.00615232,0.012203846,0.004093973,0.000684148
2017-01-24,0.001191863,0.002626427,-0.00437467,0.002311787,-0.004051572,0.008137693,0.007493936
2017-01-25,-0.007173217,-0.014912635,-0.000843604,0.006647761,0.002702574,0.004879564,-0.005899473
2017-01-26,0.004617526,0.063729697,-0.001350864,0.008627379,-0.010854848,0.00803287,0.004994115
2017-01-27,0.004256267,0.012942574,-0.001184118,-0.001011369,-0.002276197,-0.003731679,-0.004994115
2017-01-30,-0.000509678,-0.002822457,-0.007813665,-0.006851697,-0.008697448,-0.013381487,-0.011905046
2017-01-31,-0.002893916,-0.002830357,-0.005300359,-0.002039449,-0.003685437,-0.003655481,0.000460497
2017-02-01,-0.004613556,-0.001950588,-0.003778789,0.004328831,0.009187377,0.017175507,-0.004152386
2017-02-02,-0.016403985,0.001773266,0.003607093,-0.018462462,0.003195508,-0.004996506,-0.000924975
2017-02-03,-0.000348045,-0.000354268,0.005131015,0.009017378,-0.005484662,0.003472648,0.007835963
2017-02-06,-0.000173848,-0.001773985,-0.004616671,0.006391388,-0.003673203,-0.00249914,0.003666186
2017-02-07,0.005731527,0.001951101,0.005298635,-0.009988624,-0.011100804,-0.003481145,0.007973657
2017-02-08,0.007075391,-0.001951101,0.001533309,0.001286288,0.004177305,0.00195076,0.001813592
2017-02-09,0.000859722,0.007253314,-0.033755001,0.007172198,0.006923499,0.017663405,-0.023142115
2017-02-10,0.001373607,-0.004416612,0.020044534,0.004075178,-0.000459783,-0.005761027,0
2017-02-13,-0.002233329,-0.006216168,0.011665772,-0.010476324,0.003215739,0.00890181,-0.001623858
2017-02-14,-0.002582842,-0.001247691,-0.000341251,0.00102684,-0.018518724,-0.009177649,-0.001859176
2017-02-15,0.011144831,0.008348787,0.001534442,0.001794605,-0.020298076,-0.003583915,0.000930053
2017-02-16,-0.00085292,0.009857553,0.000340576,-0.016269018,0.009492341,0.012625324,0.007870296
2017-02-17,0.002726465,0.007503626,0.002551105,-0.00391279,0.016861942,0.004218464,0.012829488
2017-02-21,0.000680507,-0.001217521,-0.001724606,-0.014479679,-0.011209622,0.001221562,0.000227827
2017-02-22,0.003226211,-0.001567842,-0.029769423,-0.003719376,-0.019445874,-0.007214529,0.005899473
2017-02-23,-0.00271582,-0.003667922,-0.004072779,0.000797957,-0.006727462,-0.003832303,-0.003853609
2017-02-24,-0.011454438,-0.013919655,-0.006765293,-0.012848146,-0.00386478,-0.011864032,-0.013260277
2017-02-27,-0.000687896,0.005485303,0.000714282,0.023167384,-0.012664526,0.000693751,-0.002073593
2017-02-28,-0.003101937,-0.016188171,0.002495943,-0.010851202,-0.008368567,-0.004308301,-0.003233905
2017-03-01,-0.002072881,0.000896237,0.006743772,0.006630715,0.042106692,-0.001951644,-0.000231361
2017-03-02,0.002763194,0.002147951,0.018747578,-0.000793545,0.009903328,-0.006299448,-0.004407049
2017-03-03,0,0.000178758,-0.004000019,-0.004241936,0.045410124,-0.005209616,0
2017-03-06,0.00430262,0.008898306,-0.000697523,0.002918129,0.020857535,0.002256025,0.008103007
2017-03-07,-0.003612859,0.004066919,0.00400331,0.013680833,0,-0.00183258,-0.004622134
2017-03-08,-0.002934581,-0.001235972,0.003987172,-0.006554044,0.003506903,0.00169192,-0.009177691
2017-03-09,0.009462594,-0.00142655,0.002764218,0.005246755,0.01261194,0,0.003775311
2017-03-10,0.003248196,0.004273316,0.003616649,0.013513728,0.02306794,0.007717664,0.004230273
2017-03-13,-0.001764156,-0.000710782,0.001545948,-0.012990544,0.001265969,0.004323786,0.001640369
2017-03-14,-0.009216669,-0.00445511,-0.002750074,-0.00787607,-0.011026133,-0.001950405,-0.004928808
2017-03-15,0.005748618,-0.003937165,0.00103224,0.041053953,0.011447826,0.001950405,0.004694802
2017-03-16,0,0.01494981,0.004973509,0.019291615,0.012984541,-0.002787324,0.000936282
2017-03-17,0.012600674,-0.004426104,-0.008590847,0.003715208,0.003738611,-0.011087385,0.005367277
2017-03-20,-0.012774159,-0.006408038,-0.006405345,-0.016451132,-0.005404484,-0.004951102,-0.00724098
2017-03-21,0.007615068,0.003743066,0.001735276,-0.004786666,-0.016814184,-0.008689096,-0.00140729
2017-03-22,0.012847838,0.003551779,0.002770136,-0.002528309,0.016814184,-0.009775426,0.005384477
2017-03-23,0.00238045,0.006009284,0.007235104,0.011077713,0.014894814,0.011205047,0.003961042
2017-03-24,0.000339378,0.007898041,0.004623836,0.009221104,0.01508067,0.007259475,0.002786994
2017-03-27,0.001526884,0.013199298,-0.003765959,0.003219819,-0.001619222,-0.000993331,0.000695601
2017-03-28,-0.001526884,0.00516271,0.002569158,0.001482735,0.012882477,0.007918351,0
2017-03-29,0,0.001029128,-0.009107399,-0.001113024,-0.0008003,-0.004941718,-0.00023149
2017-03-30,-0.002379068,0.008536951,0.000172656,0.011563724,-0.007697106,-0.006674941,0.00023149
2017-03-31,0.001869721,-0.000340066,-0.007449102,0.003174609,-0.00040694,0.012320554,0.000463142
2017-04-03,0.005420268,0.005089081,0.003644721,0.007772945,-0.002852024,-0.000844556,0.0043916
2017-04-04,0.007907845,0.006072953,-0.003992711,-0.000968025,-0.013141662,-0.001974126,0.008725825
2017-04-05,0,-0.009802463,0.003125973,-0.005829535,0.003301714,-0.004101852,0.011592418
2017-04-06,0.001674182,0.008792823,-0.001387983,0.003889745,-0.011187122,0.004101852,-0.000677988
2017-04-07,0.010485421,0.004870304,0.002427829,-0.000971019,0.006644638,0.04485044,0.001581552
2017-04-10,0.000165522,0.00050238,-0.005035782,0.008465617,0.020889488,0.009268727,0.00248063
2017-04-11,0.003799923,-0.00318661,-0.003837473,0,0.002024557,0.008123047,0.001125545
2017-04-12,0.003785899,0.009529652,-0.002975424,0,-0.006086353,0.011865882,0.00426528
2017-04-13,0,0.005144745,-0.003863422,-0.002894316,-0.011873245,-0.004202782,-0.00426528
2017-04-17,0.006875989,0.00955507,0.012241964,-0.000241754,-0.004954447,0.000263155,0.004936766
2017-04-18,-0.00638329,0.007025832,0.00710141,-0.003387875,-0.011657268,0.006200314,-0.009220506
2017-04-19,0.000492553,0.015188518,0.008592583,-0.000242517,-0.002935925,0.001576839,-0.004755914
2017-04-20,0.005401341,0.002242414,-0.014651685,-0.004374125,-0.009706214,0.006282497,0.003399343
2017-04-21,0.0014679,-0.006098806,-0.000347176,-0.013486305,0.001271091,0.000521811,0.003838881
2017-04-24,0.001140443,0.006578744,0.010711962,0.004188114,-0.005095642,0.003124904,0.004721946
2017-04-25,0.004062287,-0.003845366,0.000686924,-0.000737344,0.014370843,-0.00416904,0.004922529
2017-04-26,0.016563844,0.007994803,0.00582211,0.008084752,0.006691706,0.010390151,0.012202175
2017-04-27,-0.01090462,-0.000637444,0.018438898,0.014775927,0.003329077,0.010282707,-0.001324006
2017-04-28,0.002093961,-0.002552788,0.038956439,0.001921511,0.011565607,-0.001151372,0.00286618
2017-05-01,-0.012141074,0.002552788,-0.025966821,0.006697327,-0.003702808,0.012341928,-0.00574066
2017-05-02,0.011014128,0.00349998,0.011514901,0.007125704,0.002058853,0.009689692,0.008818136
2017-05-03,-0.005329899,-0.008292113,-0.005740918,-0.004507071,0.001233292,-0.000751606,-0.008375418
2017-05-04,-0.001945461,-0.004815429,-0.001151949,-0.006679867,0.001641988,-0.009191398,-0.003547433
2017-05-05,0.007758647,0.008969931,0.008363835,-0.000239099,0.008169855,0.002527124,0.010165593
2017-05-08,0.003214603,0.003819901,-0.002288746,0.014262207,0.010924585,0.004154312,0.005044305
2017-05-09,-0.006924967,0.000476429,-0.007888834,0.000471933,0.002010528,0.001130268,-0.000656326
2017-05-10,-0.002750913,-0.002225304,-0.003967311,-0.006864805,0.021061517,-0.001255996,0.000218619
2017-05-11,-0.006176762,-0.008630544,-0.001326202,-0.013631514,-0.049576873,-0.007441619,0.001531012
2017-05-12,0,0.006719114,0.000829507,0.006719257,-0.005386543,0,0.003490471
2017-05-15,-0.002612367,0.003342613,0.003969362,-0.00143613,0.008686779,0.006436264,0.001740495
2017-05-16,-0.007548478,-0.01327693,-0.020512805,-0.014961125,-0.007856005,0.002888749,-0.008295155
2017-05-17,-0.007108026,-0.008571403,-0.012035061,-0.024863207,-0.019279983,-0.02591947,-0.009027934
2017-05-18,-0.000331664,0.008410214,0.00017063,0.007202261,0.026312007,0,0.004193791
2017-05-19,0.002320481,-0.003064627,-0.003073898,0.004444447,0.014323856,0.006415175,0.005710828
2017-05-23,0.000496629,0.008365563,-0.00428476,0.011513028,-0.02343373,0.004084387,0.003061264
2017-05-24,0.002644121,0.004156494,0.004968721,0.006926213,0.003322456,-0.005107812,0.000872998
2017-05-25,0.004939031,0.002867712,0.01979918,-0.005099183,0.003724318,0.002812126,0.003918844
2017-05-26,-0.0019727,-0.003665775,-0.012816471,0.001702445,-0.003310201,-0.007432136,-0.001522052
2017-05-29,-0.000658183,0.000638505,-0.002038727,-0.001458962,0.013992109,0.001670833,-0.0045809
2017-05-30,0.00180948,0.007630034,0.002886998,0.006307599,-0.012335784,0.016554555,0.005233553
2017-05-31,0.006063239,-0.002377949,-0.000848271,-0.004848638,-0.020481285,-0.002528856,-0.000870217
2017-06-01,-0.002126152,0.001427571,0.006260275,0.014715014,0.0348585,0.005807532,0.000217565
2017-06-02,0,0.002216555,0.005047229,0.010481384,-0.014790705,0.020803917,-0.003051438
2017-06-05,-0.001146699,-0.003485424,-0.00978092,-0.015041232,-0.01123846,-0.019923394,0.001962533
2017-06-06,0.000327876,0.00364341,-0.000678314,-0.010884091,-0.005877375,-0.004664422,0.001524013
2017-06-07,-0.010211119,-0.006822624,-0.000678538,-0.011742093,0.013383504,-0.008501878,-0.015891856
2017-06-08,0.004129871,-0.000160442,0.002034319,-0.00221698,0.039508589,-0.000510077,0.001785465
2017-06-09,-0.001154643,0.006875906,0.002030404,0.001724794,-0.02712193,-0.009737303,-0.002232484
2017-06-12,0.000164906,0.000318876,-0.00135318,-0.000738909,0.013450524,0.001415262,0
2017-06-13,-0.007240233,-0.000318876,-0.004069829,0.030809227,0.01686122,0.000771132,0.002901628
2017-06-14,-0.002189262,-0.003832029,0.002715138,0.005954346,0.02476997,0.000384869,-0.006484126
2017-06-15,0.000168783,-0.004649829,0.035295828,-0.004760694,-0.02676248,0.001796409,0.009154882
2017-06-16,0.001683979,-0.001608675,-0.010359612,0.003572714,-0.001596816,-0.007075337,0.010392693
2017-06-19,0.003862696,0.011842317,0.019802678,0.00166298,0.018211076,0.011934991,-0.000660092
2017-06-20,-0.004030976,-0.009269813,-0.012063835,-0.00309058,0.004305924,-0.000128061,-0.006403941
2017-06-21,-0.006754384,-0.00466734,0.00588688,0.002853221,-0.000781587,0.001148115,-0.005108351
2017-06-22,-0.001865645,0.003864211,0.001303789,0.001897296,0.008176303,0.008628056,-0.005134766
2017-06-23,0.004403723,0.010231848,0.005521371,0.004964072,0.006954947,0.003279809,0.007581247
2017-06-26,0.001013665,0.008237113,-0.005033247,0.006814499,-0.001541273,-0.000756253,0.001775469
2017-06-27,-0.004568943,-0.008237113,-0.003913631,0.002339224,-0.007743017,-0.003282045,0.003320432
2017-06-28,0.000678248,0.006658212,-0.00310957,0.00535944,0.008968731,0.012939637,0.002207349
2017-06-29,-0.006803,-0.024147502,-0.009717534,-0.001627893,0.001551749,-0.0043784,-0.013765948
2017-06-30,-0.003418451,-0.008615988,-0.006309021,-0.000931915,-0.003883653,-0.007044942,0.000894162
2017-07-04,-0.000856609,-0.010668892,0.000333065,0.002327579,-0.001947443,0.002395882,-0.00447771
2017-07-05,0.003421598,0.005102655,-0.000666303,-0.002094533,-0.004689275,-0.00176428,0.002464999
2017-07-06,-0.003250307,0.003114148,-0.009878868,0.004648177,0.017472874,0.005535565,0.003797901
2017-07-07,-0.004121053,0.00065452,-0.006583759,0.00208472,-0.01825679,0.001253859,-0.003797901
2017-07-10,-0.002583991,0.005057701,-0.00390344,0.008523952,0.013627001,0.028292655,-0.000671248
2017-07-11,-0.001553841,-0.001139954,0.005088149,0.000229137,0,0.011626757,-0.002691368
2017-07-12,0.002243743,0.005685936,-0.007301206,0.004348822,-0.005428516,-0.013577613,0.005821739
2017-07-13,-0.004492255,-0.001783558,-0.007183025,-0.006414808,-0.00741457,-0.018850993,-0.007395149
2017-07-14,0.007074391,0.012899583,0.000514836,0.016412773,-0.002352991,0.040344261,0.005160046
2017-07-17,0.001546341,0.003677747,-0.000686456,-0.009313197,-0.004722493,0.012111328,0.000894529
2017-07-18,-0.002234388,0.004935883,-0.000515102,0.001824083,0.004722493,0.0310254,-0.003358975
2017-07-19,0.003092269,0.016539956,-0.007759293,-0.001367777,-0.006697291,-0.011970632,0.006707074
2017-07-20,0.00683769,0.013499709,-0.000172988,0.004324848,-0.005151051,0.015625121,0.007547343
2017-07-21,-0.002900272,0.015447369,-0.003294983,-0.007523369,0.010276581,0.00193627,0
2017-07-24,-0.00565409,0.002425361,-0.001564733,0.005021665,-0.002756526,-0.002163759,-0.003100679
2017-07-25,-0.000515525,-0.01540945,-0.005232903,-0.002964217,0.003935619,0.010372882,-0.001110105
2017-07-26,0.002060729,-0.004468913,0.000699386,-0.002057448,-0.001179093,-0.012897169,-0.002223115
2017-07-27,0.014307849,0.001851803,0.006792482,0.013185087,0.000786381,0.004355555,0.01194699
2017-07-28,-0.012251259,-0.007737785,-0.005744618,-0.007025508,-0.004726762,-0.002060858,-0.006177055
2017-07-31,0.001881402,0.007120892,-0.00314729,-0.017435855,0.003546877,-0.001720965,-0.003546821
2017-08-01,0.007829863,0.006304244,0.052369865,-0.006501084,-0.014662325,0.001147883,0.01564424
2017-08-02,0.007264265,-0.008156884,-0.007004842,0.005111725,-0.016908466,0.010381502,0.004145197
2017-08-03,-0.01100126,0.004163734,0.000334745,-0.004412857,-0.023414534,-0.019135771,-0.003926488
2017-08-04,0.00543118,-0.002774176,0.000836213,0.009498311,0.012391647,0.015041692,0.002183794
2017-08-08,0.004053834,0.002620374,-0.004356025,-0.001846175,0.019915575,0.025317833,0.001089239
2017-08-09,-0.004053834,-0.008501666,0.001677616,0.000923843,0.004817173,-0.019976165,-0.002836061
2017-08-10,-0.005261207,-0.003420981,-0.007402441,0.042251874,-0.004013061,0.01552168,-0.004818191
2017-08-11,-0.002896813,-0.002651418,-0.004569603,0.023396232,0.000804081,0.014734868,-0.016156293
2017-08-14,0.01018704,0.006848371,0.004569603,-0.000864705,0.00160561,0.012784855,0.011755854
2017-08-15,0.003204432,0.000465241,0.004345056,-0.001515435,-0.000400895,0.001302054,-0.001765917
2017-08-16,0.000336629,0.00602813,-0.008508152,0.01419711,0.005202871,-0.009478718,-0.007983815
2017-08-17,-0.004385967,-0.007269342,-0.004967845,0.003198441,-0.011240391,-0.003069803,-0.002675643
2017-08-18,-0.004914894,-0.002642351,-0.00949008,0.005732184,-0.023280642,-0.003960949,-0.006271192
2017-08-21,0.001867228,0.004348376,-0.002430134,0.005488484,-0.008298958,-0.002096771,0.00425975
2017-08-22,-0.001187828,-0.003726148,0.00502742,0.011720497,0.005816257,0.003419074,-0.004034875
2017-08-23,0.003051381,0.009443686,-0.002770868,-0.004279357,0.003721513,-0.00110178,0.003587194
2017-08-24,0.001353064,0.004151436,-0.003996028,-0.000418414,-0.00247945,0.000881297,0.00067123
2017-08-25,0.00270077,-0.007547072,-0.006112106,0.006050696,-0.009143735,-0.000109963,-0.002687381
2017-08-28,0.002357652,-0.002476854,-0.006678184,-0.011507316,-0.012182291,-0.000330744,0.00492167
2017-08-29,0.000672352,0.004021698,-0.001058552,-0.003795062,-0.000845723,0.011174867,0.003786718
2017-08-30,0.003690628,0.008607593,0.011059463,0.000633461,0.015530326,0.006298573,0.003329215
2017-08-31,-0.004699691,-0.002298269,-0.003147294,0.008827275,0.01200571,0.011624218,0.001771267
2017-09-01,-0.004890661,-0.008627484,-0.013932326,0.003759493,-0.002472184,0.001817925,-0.004433605
2017-09-05,-0.005424464,-0.003875737,-0.013948516,-0.008583939,-0.000412654,-0.005247984,-0.003561215
2017-09-06,-0.003917669,-0.006545268,0.003236315,-0.000420426,0.009856321,-0.00064425,-0.005141405
2017-09-07,-0.007880465,-0.002191084,-0.007567599,0,0.05910913,-0.014829637,-0.012014747
2017-09-08,0.000859503,0.009512749,0,-0.01440696,0.020587952,-0.013946322,-0.000917864
2017-09-11,-0.000171991,0.000310255,0.000361732,-0.003848769,-0.014060859,-0.004766327,0.004123988
2017-09-12,0.004287798,0.006187191,0.008461495,-0.003003608,0.030899202,0.006092505,0.006380768
2017-09-13,-0.003085279,-0.014757301,-0.00485215,-0.006034829,0.001483178,-0.030385347,-0.004781926
2017-09-14,0.002569231,-0.008233303,-0.003067163,0.016720764,-0.014931188,0.022402041,0.005917097
2017-09-15,0.00725523,0.002381938,0.00054182,-0.013914269,0.004502759,-0.001336514,0.006333264
2017-09-18,0.003950873,0.009628157,0.00916869,0.01050754,0.001496703,0.007330151,0.003826005
2017-09-19,0.009384983,0.014658036,0.000894464,0.001065847,0.008190437,0.007386469,0.001570852
2017-09-20,0.000848778,-0.00046431,0.006415786,0.000851597,-0.002598819,-0.015943789,0.002240448
2017-09-21,-0.000509535,0,0.001242943,0.000851378,-0.011591081,-0.008068087,-0.002464574
2017-09-22,-0.0044237,-0.013094483,0.004955693,-0.002982442,0.005999463,-0.006320372,-0.005172732
2017-09-25,-0.008391206,0.000156737,0.001411454,-0.005562757,-0.002995337,0.001583607,0.000676387
2017-09-26,-0.002927926,-0.003772353,-0.005125903,0.000857951,-0.009039484,-0.001810259,-0.00045073
2017-09-27,0.00172335,0.012208592,0.016869087,-0.001286947,-0.022963228,0.020956531,0.013434849
2017-09-28,0.004980781,-0.002024446,-0.011390548,0.002143603,0.0092486,0.009492389,0.001333799
2017-09-29,0.001540587,0.002957323,0.008948208,0.004274686,-0.003097167,0.010816981,-0.003114401
2017-10-02,0.002903823,0.001553228,0.003661234,0.004681034,0.030548402,0.005959055,0.000890637
2017-10-03,-0.000511972,0.000620605,0.001739024,0.006980395,0.001127708,0.002804647,0.001779504
2017-10-04,0.001534716,-0.00155211,0.005716621,-0.000632426,-0.003386739,0.011140989,-0.00155671
2017-10-05,0.001192063,0.006193925,-0.00103679,-0.005075369,0.005638296,0.001064749,-0.002451392
2017-10-06,-0.002385354,0.003236282,-0.002597287,0.006550842,-0.001125378,-0.00790561,0.00156065
2017-10-10,0.003745815,0.012690478,-0.000173582,0.005460954,0.012677394,0.002142553,0.001113061
2017-10-11,0.000849379,0.004547659,0.000693492,-0.007147358,-0.012677394,-0.00353833,0.001334392
2017-10-12,-0.003572154,-0.000908032,0.001904245,-0.006986608,0.007849173,-0.009713919,-0.004231078
2017-10-13,0.007300901,0.015919037,0.010494737,-0.00404438,-0.013116392,-0.004892528,0.004009056
2017-10-16,-0.004068242,0.001190632,0.013092185,0.008496089,-0.00037713,0.004024524,0.000666282
2017-10-17,0.008794133,0.005934845,0.016584486,0.017194696,-0.006435793,0.002818328,0.003547781
2017-10-18,-0.006080037,-0.01115655,-0.014559745,0.01013558,0.00227617,0.002918477,-0.003103354
2017-10-19,0.001354146,-0.012039271,0.008059267,-0.003711385,0.004536752,-0.003893256,-0.001555266
2017-10-20,0.002197229,0.012786916,0.006168309,-0.004347373,-0.000754663,0.004432637,0.001110839
2017-10-23,0.000337375,0.00358105,-0.001164131,0.004140848,0.01014111,0.001401387,0.007744221
2017-10-24,-0.002703741,0.003864945,0.002160704,-0.003725883,0.011517834,-0.008329194,0.007684709
2017-10-25,0.003547176,-0.003567284,0.003976909,0.000207344,-0.010024393,-0.010043881,0.029737625
2017-10-26,0.001684545,0.002676706,0.006921662,-0.003739139,0.010024393,-0.002306548,-0.000637545
2017-10-27,0.002353769,0.003409716,-0.009737036,0.000832052,0.038055,-0.006731042,-0.008319906
2017-10-30,0.000335715,0.002069698,0.000331599,0.00663215,0.008498561,0.018864241,0.0034216
2017-10-31,0,-0.011437095,0,0.005561998,0.009824419,0.007684617,-0.002564941
2017-11-01,-0.001512051,-0.007196465,-0.057489855,0.000410582,0.009383476,-0.011930814,0.003418791
2017-11-02,0.016507282,-0.004524212,0,-0.000410582,0.011691747,0.010420114,-0.007279226
2017-11-03,0.001817597,0.001208548,-0.001054088,-0.002880469,0.004774941,-0.02117076,-0.001505102
2017-11-06,0.001649353,-0.00045296,-0.001759501,0.002880469,-0.019237772,-0.062224837,0.001935017
2017-11-07,0.005095584,0.00737332,0.001759501,-0.007629458,-0.013268458,-0.000704781,0.009192877
2017-11-08,-0.005919967,-0.001650548,-0.010247768,0.012547537,-0.028884129,0.002932216,0.002125907
2017-11-09,0.002800038,-0.000600731,0.004606869,0.016622879,0.011868722,0.016492801,0.009090053
2017-11-10,0.006066834,0.00120123,-0.002477809,-0.017645639,0.001785732,0.00207118,0.01979393
2017-11-13,0.001470284,0.000900138,-0.001063785,0.007339707,0.00391812,0.006074206,0.000413025
2017-11-14,0.004885338,0.011776119,0.002657499,-0.007134974,0,-0.0002285,-0.00289149
2017-11-15,-0.000649897,0.001036883,0.000639492,-0.006568266,-0.013600694,-0.004549426,-0.006848789
2017-11-16,-0.000487822,0.007668707,0.001780841,0.01552972,0.001800225,0.025528785,0.002080242
2017-11-17,0.003733371,0.006150822,-0.001780841,0.007674917,0.003232171,0.008403805,0.007247012
2017-11-20,0.000971774,0.012910936,0.001780841,-0.001207827,-0.006114109,0.010434012,0.004939586
2017-11-21,-0.001782261,0.002878829,0.001244895,0.008425686,0.017167951,0.037920385,0
2017-11-22,-0.001785164,-0.01564365,-0.004809755,-0.011249938,-0.004620574,-0.02584675,-0.006384488
2017-11-23,-0.000812595,-0.000584119,0.009773213,0.000727745,-0.005716623,0.005114339,0.002063813
2017-11-24,0.003570482,0.002334415,-0.002833175,0.004838592,0.006072614,-0.003697264,0.005756444
2017-11-27,0.009030767,0.002910381,0.003363648,-0.021549848,-0.010381356,-0.010513422,0.00020539
2017-11-28,-0.004343896,-0.008463439,0.009673687,0.005737619,-0.009763002,0.01192881,-0.00534325
2017-11-29,-0.005335163,-0.012385946,-0.002277807,0.002856681,-0.006196668,-0.005454502,-0.009940154
2017-11-30,0.000810062,-0.006549764,-0.003163112,0.007712873,0.016319595,0.006976366,-0.007730054
2017-12-01,-0.004870804,-0.010508696,-0.004939968,-0.007712873,-0.016319595,0.001845117,0.000419409
2017-12-04,0.001788555,-0.008335349,-0.004964581,-0.012713059,-0.011399347,-0.018714865,0.003557379
2017-12-05,0.000649766,-0.004423237,-0.001957071,0.00370767,0.005532043,-0.007763135,-0.004186845
2017-12-06,0.004536027,0.008372127,0.00337809,0.002053903,0.003304768,-0.026854906,0.010019112
2017-12-07,0.001614646,-0.003492558,0.003543562,-0.008654315,-0.010317141,0.030633108,0.008273049
2017-12-08,0.004990213,-0.005993731,0.007751973,0.018048079,0.019802572,-0.002776982,0.001767553
2017-12-11,0.005125073,-0.003397329,0.000876912,-0.013093568,0.002176524,-0.011296875,0.00559436
2017-12-12,-0.000319554,0.002626216,-0.00017515,-0.003713691,-0.01092924,0.002808391,0.000413062
2017-12-13,0.00350929,0.003541889,-0.005980458,-0.000413616,-0.026351421,-0.001459508,0.003710509
2017-12-14,-0.006334345,-0.002154472,-0.001412665,-0.00289888,-0.018983262,-0.015851747,-0.012839373
2017-12-15,-0.00552664,-0.00897566,0.005286314,-0.007911999,-0.006922979,-0.008596457,0.000416846
2017-12-18,-0.002448049,-0.000777664,-0.011311507,0.000418011,-0.006194296,-0.002189455,0.003950495
2017-12-19,0.002122024,0.004036708,-0.004810702,-0.013462446,-0.001943576,0.021570003,-0.003742194
2017-12-20,-0.015279766,-0.002171383,-0.002145519,-0.005095569,0.016210423,-0.017195652,-0.008576708
2017-12-21,-0.002154897,-0.002487748,-0.010254682,0.00974367,-0.022064189,0.021701866,-0.001050637
2017-12-22,0.001989041,-0.001401897,-0.001266497,0.000421535,-0.018566767,-0.013807716,0.003778044
2017-12-27,-0.007145807,-0.00062376,-0.004173093,0.001263391,-0.007202615,-0.011922628,-0.002307007
2017-12-28,0.001666302,-0.001873542,-0.005469683,-0.002106589,-0.016194862,-0.008686954,-0.000840238
2017-12-29,0.005314043,0.000937305,0.001644101,-0.000421791,0.013782044,0.006031148,0.000840238
2018-01-02,-0.009819543,-0.014943362,-0.000730403,-0.00253504,-0.002418095,0.003578612,-0.004841709
2018-01-03,-0.004022442,-0.000951288,0.002918167,-0.000423241,0.004059766,-0.01088993,0.002107823
2018-01-04,-0.001007698,-0.007163974,0.002546262,-0.002542207,-0.005280979,-0.002332732,-0.004431801
2018-01-05,-0.00810185,-0.000799272,-0.002728357,-0.008521446,0.002034284,0.00431032,-0.003177591
2018-01-08,-0.003054674,0.006534412,-0.00364977,0.004695774,-0.00939355,0.019570392,-0.002974897
2018-01-09,-0.004429047,0.001428835,0.003467573,-0.003413035,0.015876486,-0.002168216,-0.009407695
2018-01-10,-0.004792237,-0.009723678,-0.000546561,0.000854668,-0.006482937,-0.025807314,0.000643997
2018-01-11,0.002569912,-0.001282097,-0.011734791,-0.000427167,0.005674788,-0.032891376,0.003643103
2018-01-12,-0.008937774,0.001122123,0.00221083,0.011467328,0.003631233,-0.024901662,0.006609265
2018-01-15,0.003275204,-0.003530911,-0.003133279,0.014256228,-0.007275699,-0.017668429,0.000849748
2018-01-16,-0.006214353,-0.00855744,0.000553429,-0.004590261,0.006067011,-0.014132387,-0.003829077
2018-01-17,0.000519267,0.005498274,0.000922123,0.006669296,-0.000806844,-0.006560586,0.002341557
2018-01-18,0.000345661,0.003862825,-0.000553103,-0.006669296,0.00483122,-0.004657119,-0.004688899
2018-01-19,0.004488578,0.00416774,0.006617514,-0.000836649,0.007202527,0.01019119,0.002133913
2018-01-22,-0.0003446,0.001598692,-0.007170923,-0.004615148,0.024420163,0.008690261,0.000213429
2018-01-23,-0.005528785,-0.01027457,-0.008524896,0.013366846,-0.003898272,-6.37657E-05,-0.009206916
2018-01-24,-0.009049868,-0.017088968,0.000743916,0.008676307,-0.007843241,0.007906022,-0.00604089
2018-01-25,0.012163586,-0.009566208,-0.001674874,0.001643725,-0.003945,0.004056372,-0.001732818
2018-01-26,0.003276139,0.007594604,0.010009263,-0.003702898,-0.001978379,-0.006217951,0.006912747
2018-01-29,-0.011078539,-0.022286008,-0.011687296,-0.010775332,-0.002379048,-0.019148925,-0.01169311
2018-01-30,-0.004361186,0.005701948,0.068158887,-0.009208649,-0.01640997,-0.010565215,-0.000218184
2018-01-31,0.005578833,0.003838648,-0.074899155,0.009208649,0.003625381,-0.000786992,0.008893013
2018-02-01,-0.008029213,-0.007692395,-0.003952948,0.012010944,-0.009696803,-0.000262723,-0.017645672
2018-02-02,-0.012166396,-0.008598148,-0.008143461,-0.02248212,-0.014724356,-0.00632056,0.001317867
2018-02-05,-0.004444752,-0.020354823,-0.017068087,-0.007607765,-0.012438045,-0.004236455,-0.003738198
2018-02-06,-0.005180894,-0.001729518,-0.019137472,-0.000424347,0.011200942,0.017750775,0.00307966
2018-02-07,0.015639072,0.001210778,0.006681211,0.002966554,0.010669062,-0.009559034,-0.005285289
2018-02-08,-0.008500156,-0.019024741,-0.020378801,-0.014922128,-0.003680345,-0.019665864,-0.006423872
2018-02-09,-0.00731797,0.002815625,-0.008631955,-0.010362719,-0.021532796,-0.000402696,-0.002224466
2018-02-12,0.014406482,0.005781823,0.017190234,0.013793417,0.014131447,0.006823277,0.007764495
2018-02-13,-0.010651789,0.002965519,-0.005564264,-0.003430699,-0.004549607,-0.009243028,-0.011558048
2018-02-14,-0.007164288,-0.004888939,0.00059752,-0.004304876,0.005374759,-0.026729659,-0.010111483
2018-02-15,-0.001079329,0.016836016,-0.001793931,0.015835872,-0.008697355,0.017401337,0.020564121
2018-02-16,0.0053842,-0.00362109,0.005570906,0,-0.001248604,0,0.003313107
2018-02-20,-0.001253985,-0.00363425,-0.00238414,0.016842562,0.023462762,-0.013263173,0.004619974
2018-02-21,0.005718658,0.010005401,0.011627942,0.010797411,0.011326874,0.008224514,0.018484558
2018-02-22,-0.004106791,-0.00343888,-0.003577206,-0.005799663,-0.012141166,-0.01402255,-0.004967555
2018-02-23,0.007309139,0.009940157,0.00496472,-0.000415382,-0.003671282,-0.001523855,0.00840905
2018-02-26,0.007255829,0.002384645,0.007303203,-0.003330424,-0.004915878,-0.018331443,0.003430154
2018-02-27,0.004398786,-0.002043541,0.003141397,0.012432882,0.010621063,0.024138112,0.000213904
2018-02-28,-0.016997683,-0.014423263,-0.00886107,-0.011182655,-0.018868657,-0.003037652,-0.009026577
2018-03-01,-0.00375691,-0.000346145,-0.004956747,-0.009625514,0.053217051,-0.001245162,-0.001296172
2018-03-02,0.005362848,0.010155858,0.00673519,0.002519935,0.043033881,0.01197287,0.00968061
2018-03-05,0.007106042,0.005295326,0.012751526,0.012505244,0.007493591,0.005320806,0.005763539
2018-03-06,0.002475274,0.003740571,-0.00429767,0.009482795,0.016657743,0.021538083,0.001914128
2018-03-07,-0.000883181,-0.000508995,-0.005890427,-0.003699804,0.005491434,-0.013137174,0.002969849
2018-03-08,0.006518083,0.004405175,0.014273389,0.015529558,-0.008064329,-0.002837592,-0.000107027
2018-03-09,-0.00087839,-0.002389138,0.004841576,-0.017591327,-0.012220397,-0.011431747,0.000856295
2018-03-12,0.004209088,-0.002566259,0.003856682,-0.007872022,0.000744992,-0.017535713,-0.003000161
2018-03-13,0.004365656,0.001369422,-0.004436293,-0.012979194,0.001488118,-0.00656849,-0.000429084
2018-03-14,-0.005932497,0.001709155,-0.006594182,0.026202325,0.008513816,0.001121274,-0.000644345
2018-03-15,0.000710164,0.003069211,0.003690336,0.003687628,0.004780271,-0.001542042,0.00685094
2018-03-16,0.001773343,-0.000340538,-0.010328678,-0.022751653,0.002198591,-0.013273057,-0.007925637
2018-03-19,-0.002839112,-0.010098316,0.00332457,0.017009668,-0.012152589,0.001704191,-0.006689016
2018-03-20,-0.003024795,0.008393822,0.012996088,-0.00288404,0.011420145,0.000142074,0.002378928
2018-03-21,-0.008951347,-0.004273936,-0.018084864,-0.01036696,-0.006983741,-0.004265985,-0.009112755
2018-03-22,-0.007762506,-0.017629332,-0.016221879,-0.012161958,-0.028434663,-0.012762333,-0.013826666
2018-03-23,-0.011849657,-0.019011119,0.001992329,0.012578453,-0.016197735,0.003025887,-0.014917344
2018-03-26,-0.004226553,0.00142065,0.004963538,0.016939103,0.001941997,0.004736983,-0.006074833
2018-03-27,0.009530732,0.006015506,-0.01657542,0.003272047,-0.024750628,-0.009351767,0.005850563
2018-03-28,0.00889881,0.009131001,0.002212549,-0.000490704,0.010682693,0.013353431,0.009379344
2018-03-29,0.002347403,0.005751676,0.000401842,0.007335304,0.001572788,0.006114412,0.00554138
2018-04-02,-0.008331776,-0.011009258,0.002407196,-0.00406832,0.092627771,0.001558545,-0.008434955
2018-04-03,-0.010237859,-0.005462032,-0.002206435,0.001629016,-0.061296562,0.012098989,-0.009856837
2018-04-04,0.007688293,0.014383627,0.01356225,0.014144395,0.006074286,0.005856379,0.00538847
2018-04-05,0.003458754,0.026805747,0.007303203,-0.000401133,-0.00417229,0.002638119,0.01179737
2018-04-06,-0.008577547,-0.009540175,-0.003349191,0.000802676,0.012089278,0.001661948,-0.005770122
2018-04-09,0.001282278,-0.005492848,0.002758767,0.005200943,-0.00338525,-0.000830973,0.002223343
2018-04-10,-0.003667972,-0.008295662,-0.008100294,-0.009220351,0.009002379,-0.034245235,-0.002446104
2018-04-11,0.001285441,-0.00434842,-0.02368633,-0.008493323,-0.004866224,-0.014004506,0.00089045
2018-04-12,-0.003676557,-0.012452899,0.008696442,-0.011849148,0.001874597,-0.004955565,-0.0089366
2018-04-13,-0.007579297,0.001763319,-0.003024896,-0.009498318,-0.008651795,-0.028003924,-0.002471816
2018-04-16,0.005366795,0.008246386,-0.000202212,0.003314007,-0.003026768,-0.000451006,0.002920347
2018-04-17,-0.006666796,-0.007718075,0.018613713,-0.002898854,0.004914049,0.010468185,0.001344926
2018-04-18,0.001300001,0.007892834,0.003562775,-0.002076112,0.008261167,0.00519349,0.006252693
2018-04-19,-0.015144684,0.012327638,-0.004356317,0.006627836,-0.005249111,0.001922081,-0.003791504
2018-04-20,0.006946288,0.056851522,0.003763263,-0.009125002,0.006744086,0.00647809,0.007569221
2018-04-23,0.00336195,0.000325936,0.008661539,0.012422714,0.001492388,0.007893705,0.002879014
2018-04-24,0.001677084,-0.006868016,0.003521914,-0.014508155,0.000372813,-0.002040721,-0.005543956
2018-04-25,0.007603087,-0.004440805,-0.005287521,0.000834639,0.016633176,-0.003753269,0.009956815
2018-04-26,0.009743553,0.011145955,0.009769633,0.014085058,0,0.012893727,0.010948045
2018-04-27,0.006746377,-0.007690539,0.005042867,0.003285134,-0.002936915,0.003923291,0.001740736
2018-04-30,-0.009861369,-0.004444653,-0.001161751,-0.018622313,-0.005899432,-0.008007725,-0.001087321
2018-05-01,-0.000367036,0.003129781,0.00019399,-0.005865062,0.015413027,-0.002195028,0.004992832
2018-05-02,-0.010148744,-0.005111515,-0.008947993,-0.002523981,0.006895266,-0.00897665,-0.003687979
2018-05-03,-0.013442809,-0.004473694,-0.014167854,-0.01186493,0.002889284,0.00177232,-0.00326568
2018-05-04,0.002815376,0.007609674,0.003758224,-0.000426254,0.002880667,0.019435097,0.006520557
2018-05-07,0.003181527,-0.004128783,-0.007331584,-0.005130641,0.009305885,-0.001158287,-0.002603088
2018-05-08,0.001120205,-0.003812918,-0.00099511,0.029979293,0.009572644,-0.001305075,-0.001956641
2018-05-09,-0.005614795,0.01451196,-0.005389806,-0.012557467,0.018182684,-0.01108695,-0.000435563
2018-05-10,-0.000375373,0.004084697,0.000600312,0.012973311,-0.005559581,0.009635316,-0.00414517
2018-05-11,0.00971604,0.002768007,-0.037709565,-0.00166476,-0.014742596,0.002611815,-0.000875024
2018-05-14,0.004082666,0.003732981,0.020763489,0.029142531,0.010202753,0.035305937,-0.001751939
2018-05-15,0.003696661,0.001133101,0.004668521,0.019627939,0.014248298,0.025003075,0
2018-05-16,-0.000369206,0.006130115,0.018854046,-0.021247445,-0.004495788,-0.042642474,0.001533048
2018-05-17,-0.001292832,-0.00306037,0.00320444,-0.005281475,-0.007305736,0.011465909,-0.001094937
2018-05-18,0.004057638,0.008833453,-0.000400159,0.010535251,0.003485687,0.001827889,0.000876526
2018-05-22,0.001287703,0.006693126,-0.009850275,0.000402511,-0.013310252,0.004765094,-0.004168313
2018-05-23,0.002203282,-0.004616674,-0.001010791,0.012639581,0.001057151,0.003071519,-0.001320014
2018-05-24,0.002015799,-0.016734281,-0.000201904,0.014252028,0.000704323,-0.016159844,0.000440179
2018-05-25,-0.000549474,0.004533064,0.015055862,-0.004333289,0.00175852,0.008323231,0.007015934
2018-05-28,0,-0.005506883,-0.002993112,-0.002371278,0.007351819,-0.006766451,0.002836419
2018-05-29,-0.005141352,-0.00700841,-0.010042349,0.001581212,-0.001745865,-0.011808995,-0.003710577
2018-05-30,-0.00276529,-0.00016361,0.017210791,-0.005944091,0.015601042,-0.007038066,-0.004602586
2018-05-31,-0.002958081,-0.004590957,0.000198521,-0.00597954,0.005146772,-0.019355478,0.001536062
2018-06-01,-0.000184848,-0.004447009,0.004749518,0.009154387,0.000342104,-0.002943624,-0.000438357
2018-06-04,0.003327455,0.004282698,0.00845382,0.008678491,0.011902878,0.005292014,0.002191566
2018-06-05,0.007355845,0.010952066,0.003907949,-0.002753279,0.009756216,-0.01120476,0.007200069
2018-06-06,-0.003303336,0.003570571,-0.000975688,0.000393797,-0.011109353,-0.009833136,0.003905511
2018-06-07,0.004585144,0.004202846,0.020288647,-0.008302001,-0.004750843,-0.013263088,0.002297225
2018-06-08,0.002375718,-5.8667E-08,0.008760421,0.005542303,0.052024537,0.000758509,-0.000218719
2018-06-11,0.006187559,0.004703636,0.009247926,0.004726312,-0.005828867,0.004084648,0.002183594
2018-06-12,0.003983233,-0.001295207,-0.002633803,0.015981405,0.023432192,0.026374427,0.002178836
2018-06-13,-0.004709121,-0.001134794,-0.002074121,0.006552604,-0.021485489,-0.009753409,-0.001306905
2018-06-14,-0.000276242,0.004692999,0.01405727,0.011839208,0.023387236,0.004444884,0.00738171
2018-06-15,0.001472012,0.006597271,0.003344496,-0.001520232,0.002846007,0.005602293,0.0049629
2018-06-18,-0.006641222,-0.003856551,-0.00074223,0,0.024022262,-0.003386776,-0.002802011
2018-06-19,-0.003522469,-0.004841869,-0.008014477,0.008707677,0.003385083,-0.002659095,0.001294159
2018-06-20,0.003892742,0.005002832,0.006714145,0.007884014,-0.039798376,-0.010556915,0.00236834
2018-06-21,-0.001295957,0.005298353,0.000743195,0.002241464,-0.008024736,-0.005095147,-0.004310264
2018-06-22,0.007198847,0.002878098,0.004447702,0.007434971,-0.007764179,-0.010268843,0.010100163
2018-06-25,-0.01035294,-0.016745063,-0.01153078,-0.01117329,-0.010119227,0.016559104,-0.010748405
2018-06-26,0.002042059,0.015626786,0.003547799,-0.002249824,-0.001313424,-0.008847675,0.012883976
2018-06-27,0.000185493,0.003828997,-0.007108161,-0.000375286,0.011511496,-0.014259884,0.001918331
2018-06-28,-0.008005353,-0.004948469,-0.003196284,0.002999589,-0.003931864,-0.014776357,-0.005123768
2018-06-29,-0.004871591,-0.00080077,-0.000942231,0.007831751,0.002295639,0.009721589,-0.000428041
2018-07-03,0.008044009,-0.004011796,0.003011599,0.019496389,-0.00954424,-0.008791532,-0.005798774
2018-07-04,-0.001491569,0.003531516,0.009911261,0.004361958,0.007248601,-0.003569537,0.000430928
2018-07-05,0.001119058,0.008138381,-0.004289068,0.010822777,-0.010893015,-0.004675134,0.001290875
2018-07-06,0.017002925,0.01826834,0.006705299,0.013542652,0.053945029,0.034843768,0.014090999
2018-07-09,-0.0022016,-0.002656501,-0.000371572,0.00282782,-0.018727682,-0.012600042,-0.001909838
2018-07-10,0.010050399,0.005461698,0.004816734,-0.006018894,-0.012250341,0.015762855,0.008039039
2018-07-11,0.003629729,0.003107352,0.01340085,-0.009992944,-0.011417613,-0.021123729,-0.001898268
2018-07-12,0.014388757,0.016615633,0.013403516,0.003222944,0.003275486,0.085614921,0.013211886
2018-07-13,-0.001250802,0.004719002,0.006098883,-0.003222944,-0.005903454,0.008842704,0
2018-07-16,0.00071502,0.006659408,-0.003942182,0.013184018,-0.014913178,0.001954402,0.003742976
2018-07-17,0.001606535,0.004965794,0.002868611,-0.00461252,0.006655586,-0.010655948,0.000415169
2018-07-18,-0.00554509,0.007179178,-0.005925327,-0.008930132,-0.003322458,-0.013767696,-0.008752186
2018-07-19,-0.001076611,-0.000596216,0.004850449,-0.006840686,-0.001998696,-0.003435941,0.004177417
2018-07-20,-0.006304847,-0.017449266,-0.003950435,-0.002894535,-0.005349349,-0.001866194,-0.006272106
2018-07-23,-0.000903836,-0.00167048,-0.003785345,-0.003629636,0.005349349,0.006587224,-0.002520221
2018-07-24,-0.001447759,-0.004417961,-0.002350719,-0.001819878,0.005321155,0.03077858,-0.004425436
2018-07-25,-0.007089228,-0.01136189,-0.008362088,0.004361958,0.024571161,-0.027263746,-0.006993675
2018-07-26,0.004186956,0.006004345,-0.00292525,-0.008377135,0.001616736,0.005569416,0.000212812
2018-07-27,-0.000363471,0.003829947,-0.006981237,-0.001830711,-0.01071954,0.005538688,0.002972431
2018-07-30,0.000181752,0.00548952,-0.004434643,-0.010683441,0.001957438,-0.005680973,0.001905917
2018-07-31,0.004350919,0.008479622,-0.000370428,0.004065811,0.008115739,0.005539338,0.006117455
2018-08-01,0,0.000753722,-0.003340152,0.014283396,-0.009746627,-0.009678662,0.002940028
2018-08-02,-0.020284131,0.004959768,-0.004657585,0.005078015,0.023553227,0.009395366,-0.003781396
2018-08-03,-0.000554014,-0.001650699,0.0040997,0.002168429,-0.007361127,0.001557472,-0.006758173
2018-08-07,-0.013949617,-0.000600784,-0.004473401,-0.005793017,0.001283882,-0.009380608,0.003807101
2018-08-08,-0.001124227,0.011800833,0.031625967,-0.019061958,0.018436734,0.002282002,0.001476346
2018-08-09,0.00299553,0.005036435,0.001447094,0.049811389,0,0.006673818,0.00672268
2018-08-10,-0.006000577,-0.00622497,-0.002171227,-0.018479367,-0.003470831,-0.006816215,-0.008832676
2018-08-13,0.001691376,0.004450141,0.01045047,0.00214991,-0.00411696,0.000854402,0.005056943
2018-08-14,0.007668423,0.006785689,0.005362979,-0.002508544,0.003800793,0.003695075,0.011077696
2018-08-15,-0.002051478,0.007470138,-0.000749533,0.011770965,-0.008253689,-0.002414185,0.002905636
2018-08-16,0.00873664,0.011317439,0.009134213,-0.004620339,0.000637214,0.010044409,0.005374102
2018-08-17,0.00406386,0.002305873,0,-0.010025229,0.005084262,-0.001690654,0.008416336
2018-08-20,-0.000552994,-0.00086406,0.005511494,-0.048286389,0,-0.013914435,-0.004917976
2018-08-21,-0.004065934,-0.002163552,-0.003196484,0.005648529,-0.000317112,-0.009914769,-0.000822318
2018-08-22,-0.004268416,-0.016449797,-0.004814226,-0.001879567,0.002849326,-0.000577756,-0.005772943
2018-08-23,-0.00279365,-0.001028167,0.002142605,-0.000942758,0.000948031,-0.011772672,0.006595261
2018-08-24,-0.002988591,0.001321505,-0.003573388,-0.007575889,-0.001263913,-0.007631315,-0.003704624
2018-08-27,0.000934993,0.005268643,0.00285987,-0.002283757,0.007247468,-0.015439845,0
2018-08-28,-0.003181945,-0.00102225,0.030062737,-0.000762788,-0.003144588,-0.007056369,-0.003925036
2018-08-29,0.002995098,-0.002193915,0.005526866,0,0,-0.006196648,0.003512545
2018-08-30,0.002427053,-0.007348849,-0.002069091,0.003426873,0.005653234,-0.009597113,0.001031046
2018-08-31,-0.007486644,-0.002510721,0.001724498,-0.001141107,-0.004394195,-0.00860897,-0.002888957
2018-09-04,-0.012476513,-0.008614493,0.006354833,-0.001142051,-0.024197177,-0.015716495,-0.004556876
2018-09-05,0.011536729,0.005503921,0.002906014,-0.013036954,0.010259443,-0.000627594,0.011558443
2018-09-06,-0.000752339,0.009008284,0.007652291,-0.012427409,-0.053730215,0.002977337,0.007564473
2018-09-07,-0.004526507,-0.002207743,-0.001355935,-0.013375454,-0.09379684,0.002188434,-0.004643057
2018-09-10,-0.000567319,0.006169601,-0.002377738,0.003952647,-0.024323172,-0.000781271,-0.000620605
2018-09-11,0.006973949,0.000438813,-0.006824631,0.026471043,-0.034685373,-0.001250498,0.003924137
2018-09-12,-0.007730701,-0.004841666,0.006144285,0.01297715,0.003913761,0.003435709,-0.007241222
2018-09-13,-0.000480399,0.006496267,0.00965212,-0.002277867,-0.044735846,0.006681771,0.006622826
2018-09-14,-0.000192235,0.001323661,-0.000337077,-0.003426873,-0.020636247,-0.003412919,-0.004133995
2018-09-17,0.010703796,0.003374822,-0.000337191,-0.008041491,-0.007534562,-0.000310834,0.001862364
2018-09-18,0.000570019,0.001171088,-0.001518889,0.006514979,-0.001261203,0.0135867,-0.001241082
2018-09-19,-0.013774799,-0.023687346,-0.009332513,0.001526512,-0.00972324,-0.01094742,-0.02112842
2018-09-20,0.009013427,0.007314088,0.001022424,0.006841775,-0.000849972,0.003868392,0.004009031
2018-09-21,0.00095395,0.004747693,-0.001022424,-0.022989535,0.015189925,0.009988361,0.000631503
2018-09-24,-0.011895589,-0.014461715,0.004083046,-0.002716957,0.000837333,-0.011533863,-0.009515016
2018-09-25,0.003467938,-0.008445185,0.005080531,0.001941705,-0.029726044,-0.004651336,-0.004044653
2018-09-26,0.016595823,0.009346167,-0.000844859,-0.001553181,0.005587731,0.009126882,0.018597446
2018-09-27,0,0.010001861,0.007243139,0.006196799,-0.015693603,0.010111936,0.007093498
2018-09-28,-0.010077138,-0.013308497,-0.010799904,0,0.006132108,-0.013814562,-0.010239154
2018-10-01,0.000763915,-0.008313928,-0.016076813,0.005006983,-0.007010898,-0.0003093,-0.015238338
2018-10-02,-0.001911364,-0.008689702,-0.011095892,0.012218438,-0.019987553,0.002779338,-0.00491732
2018-10-03,-0.00249007,0.008841562,0.056926149,0.008314477,0.007152649,0.002002407,-0.011423493
2018-10-04,-0.002111866,0.008462909,-0.004291422,0.00225538,0.007543574,-0.004936219,-0.001953113
2018-10-05,-0.003658426,0.002104812,0.003796919,-0.000751081,-0.032804193,0.008161891,0.001302348
2018-10-09,-0.01496489,-0.001352449,-0.011434221,-0.0015043,-0.037230862,0.001532768,-0.015300856
2018-10-10,0.006441124,-0.01882262,-0.022416182,-0.004526435,-0.016253033,-0.019171835,-0.015315105
2018-10-11,-0.010168235,-0.012179262,-0.012865612,-0.028765263,0.012452075,-0.001718804,-0.009889745
2018-10-12,0.000589416,0.003252167,0.030436531,0.013526683,0.010416965,0.007788273,0.001128662
2018-10-15,0.010162142,0.013513449,-0.009422691,-0.003846366,0.023278613,0.016923529,0.005624983
2018-10-16,0.006975552,0.014687333,0.015267392,0.023234775,0.026789416,0.015741188,0.012264622
2018-10-17,0.002506798,0.00838191,0.015201991,-0.012121111,-0.02955465,0.009713897,0.003098105
2018-10-18,0.012821946,0.005944587,0.005560089,0.017003889,-0.029503243,0.00133745,-0.001105323
2018-10-19,0.016220581,-0.00997695,-0.004249183,-0.004506172,-0.016291331,0.02956017,0.010561005
2018-10-22,-0.007511629,0.012788267,0.007992812,0.006751644,0.021978441,-0.009562388,-0.004166898
2018-10-23,-0.001131764,-0.004145576,-0.002765614,-0.010522368,-0.038540173,-0.015551979,0.003510093
2018-10-24,-0.005487683,0.005621804,-0.013449632,-0.006823306,-0.008384774,-0.024094066,-0.004169699
2018-10-25,-0.004945595,-0.003991162,0.001979585,-0.005722239,0.010837359,-0.000151265,-0.001540698
2018-10-26,-0.016923593,-0.011321563,-0.009271525,-0.013479615,0.021329254,-0.015726622,-0.012411387
2018-10-29,-0.004860502,0.00059912,-0.007681026,-0.001552487,0.000958605,0.001230258,-0.002456262
2018-10-30,0.004860502,0.017218656,0.009841264,0.005808473,0.030670037,-0.009265097,0.006240414
2018-10-31,-0.011901328,-0.002357184,0.016787464,-0.003093622,0.006945824,0.001395442,0.001553805
2018-11-01,0.048088553,-0.014562109,-0.010995599,0.008484607,0.002304677,0.01170496,0.005530413
2018-11-02,-0.010530085,-0.002397436,-0.005958267,0.001918159,-0.011111139,-0.000919202,-0.010645499
2018-11-05,0.004714781,0.000749694,0.000663971,0.014081913,-0.022123882,0.008241773,-0.000892247
2018-11-06,-0.004336802,-0.005562725,0.044927598,-0.00264874,0.015585066,-0.02259712,-0.002681469
2018-11-07,0.012581071,0.00960265,-0.007482369,0.007173737,-0.01273328,0.016804463,0.007134997
2018-11-08,0.007251018,0.004320905,0.011439798,0.024160242,0.04000567,-0.000458592,0.020233351
2018-11-09,0.002220579,0.004154382,0.003154537,0.014220946,-0.028679414,-0.005982874,-0.001089077
2018-11-12,0.001846769,0.00354677,-0.002049255,0.030661966,0.000469416,-0.009430493,0.005867813
2018-11-13,0.011556676,0.033512978,0.002521537,0.001403568,-0.022291581,0.003829335,0.001082878
2018-11-14,0.004549273,0.002422591,0.077173564,-0.00175483,-0.031671694,0.005135115,0.003673074
2018-11-15,-0.005096439,-0.001566649,0.017038501,-0.009883596,0.01034244,-0.009199383,-0.00259131
2018-11-16,0.007996954,0.007384986,-0.001551392,-0.008550256,0.034195581,0.004220249,0.009254211
2018-11-19,0.008292889,-0.005960682,-0.009043957,0.002144522,-0.006174291,-0.006415694,0.007682387
2018-11-20,-0.006303621,-0.017229225,-0.003452227,-0.010046645,-0.008612456,-0.023508234,-0.004474049
2018-11-21,0.007918074,0.011805349,-0.002045308,0.011117142,0.002879025,0.014202727,0.006597891
2018-11-22,0,0,0.006437135,-0.004835823,0.006685517,0.002215947,0.004022333
2018-11-23,0.007322162,-0.00674941,0.009190626,0.005014499,0.006168751,0.002684175,0.00253209
2018-11-26,0.01097172,0.01003578,0.00679963,-0.006811191,0.006130867,-0.000473052,0.002105179
2018-11-27,0.003338221,0.013179722,0.000885181,0.005380969,-0.04667729,0.002678161,0.000841019
2018-11-28,-0.002634651,-0.011042216,0.015313999,0.032385782,0.101115218,0.014370864,-0.002524631
2018-11-29,0.004562288,0.001280351,-0.000602185,-0.005905602,-0.049280086,-0.000155233,0.001894277
2018-11-30,-0.002980745,0.007506756,0.010632891,-0.001046155,-0.064226786,0.002014332,0.002729347
2018-12-03,-0.003341554,0.002958725,-0.019555166,-0.007000258,0.009431667,-0.006678528,-0.001258955
2018-12-04,0.00737199,0.007009697,0.026236191,0.008742805,0.018116012,0.008534543,0.000629813
2018-12-05,0.002445397,-0.004901715,0.01439716,0.002781709,0.00532264,-0.000618332,0.005023125
2018-12-06,0.002613795,0.006855626,-0.005997963,-0.011524514,-0.012627525,0.002624817,0.001460236
2018-12-07,-0.008913966,-0.006995966,-0.014335794,-0.009174429,-0.00048876,0.032914334,-0.003550125
2018-12-10,-0.004398696,-0.003114788,0.00356622,0.017917234,-0.033311604,-0.005236163,-0.010102902
2018-12-11,-0.002648607,-0.002129412,-0.002673737,0.015547166,-0.018883138,0.003294636,0.001068443
2018-12-12,0.004762305,0.004112641,0.008146813,0.00102795,-0.002062696,-0.000747995,0.002559196
2018-12-13,-0.001516774,0.001838141,0.012023614,0.006485684,0.061565817,-0.007508797,-0.004482817
2018-12-14,0.004099337,-0.000706465,-0.000875083,-0.016812964,-0.050782863,-0.01411776,-0.002785057
2018-12-17,-0.007857086,-0.007947946,-0.013659511,-0.013586606,-0.030069525,-0.026176605,-0.013826469
2018-12-18,-0.003591979,0.009219312,-0.01399889,0.001051652,-0.028291409,0.006257884,-0.003923247
2018-12-19,-0.00180102,-0.00495347,-0.001801148,-0.012339353,0.005938019,0.003736082,-0.001748568
2018-12-20,-0.006328328,-0.011703023,-0.013004814,-0.010698939,0.010174234,0.016182638,-0.002628655
2018-12-21,-0.015169839,-0.016062795,-0.023251526,-0.012628797,-0.01286878,-0.0183604,-0.017033909
2018-12-24,-0.014468859,-0.003068369,-0.011280221,-0.001816935,-0.015774241,-0.019656194,-0.007839481
2018-12-27,0.00428822,0.010770166,0.024896369,0.020878905,0.017392113,0.016693167,0.010958215
2018-12-28,0.003899369,0.012515538,0.005975487,0.018355554,0.037540785,0.020864842,0.005323794
2018-12-31,-0.000556144,0.000142824,0.007154759,0.005232958,0.001555306,0.006099281,0.001105599
2019-01-02,0.000741357,-0.006596978,-0.020379562,-0.003485539,0.010822197,0.002884385,-0.003098716
2019-01-03,0.001110907,0.007168646,-0.021435349,0.002789263,-0.017773784,0.011754167,-0.004221064
2019-01-04,-0.011541313,0,0.007719595,0.007285426,0.024486865,-0.004956122,-0.004685705
2019-01-07,0.005415071,0.004845321,-0.00914393,0.023570689,0.010240815,0.009887607,0.002680382
2019-01-08,0.01570481,0.007930007,0.000791253,-0.01702451,0.003559447,0.008165832,0.00066883
2019-01-09,-0.00367312,0.003800678,0.009607261,0.001029714,0.02059857,0.001625387,0.006665303
2019-01-10,0.014430725,0.010483254,0.014317229,0.001713797,0.008418194,0.013052752,0.004198279
2019-01-11,0.00632745,0.006375639,0.006468519,0.003759813,0.013712342,0.072493513,0.002862896
2019-01-14,-0.004696459,-0.005541747,0.005053181,0.01624424,0,0.013861975,0.003292431
2019-01-15,0.00703672,-0.005712552,0.005179683,0.000671078,0.013526663,-0.013184776,-0.00109633
2019-01-16,-0.001619642,0.001675433,0.01508113,0.003348926,-0.017425576,-0.005567802,-0.001536997
2019-01-17,0.0007201,0.00944062,0.00328741,0.010642033,0.022212312,0.015808139,0.00896867
2019-01-18,0.004667696,0.003310804,0.00728367,0.000661275,-0.01346144,-0.001341474,0.006079153
2019-01-21,-0.002870143,-0.000688997,-0.008029949,-0.002647999,0.009154365,-0.011475316,-0.006079153
2019-01-22,0.001615572,0.006319956,0.010987497,0.000993739,-0.00384426,-0.008316667,0.00174086
2019-01-23,0.00107572,-0.005630959,0.008235646,0.019997326,0,0.016616135,0.002605256
2019-01-24,0.001968495,-0.023268289,-0.003668202,-0.007493022,0.006717978,0.002302931,0.003030902
2019-01-25,0.001786375,-0.017777239,-0.007080773,0.001307144,0.021760212,0.005667486,-0.00194729
2019-01-28,0.006759072,0.014954167,0.000591863,-0.003598823,-0.020804454,-0.000269006,0.004968978
2019-01-29,0.009527429,0.000423812,0.008397826,0.000655362,0.007141347,0.004565373,-0.006920237
2019-01-30,-0.003694359,-0.012941973,0.000293443,0.003596547,-0.0104912,-0.005912489,0.00108444
2019-01-31,0.006849908,0.017312984,0.007743533,0.009420236,0.003349853,0.009523514,-0.002387491
2019-02-01,-0.001226005,0.002247988,-0.000873545,0.008370953,-0.01929612,0.000266816,0.007145273
2019-02-04,-0.001227416,0.003223794,0.007834816,0.000640928,0.0145069,0.003463865,0.002155036
2019-02-05,0.007168537,0.009469296,0.012923997,-0.001924281,-0.012560517,0.001462189,0.009001504
2019-02-06,0.002783665,-0.010869451,-0.00371606,0.006400061,0.028751578,0.003975721,-0.00106742
2019-02-07,-0.001217026,0.00600676,0.007987286,0.008891757,-0.003312378,-0.002914188,0.007023501
2019-02-08,-0.002612475,0.00194809,0.00354537,-0.002849337,0.010841664,0.003443471,0.000636096
2019-02-11,-0.005947263,-0.012871065,-0.009530024,0.000950594,-0.011315328,-0.013844913,-0.015163053
2019-02-12,0.003152809,0.008691978,-0.001573364,0.009457828,0.005673699,0.013051179,0.007717064
2019-02-13,-0.00210083,-0.005178014,-0.004016211,-0.01072565,0.023760419,0.002774798,0.001493596
2019-02-14,0.00210083,0.019865987,0.006018114,0.005692527,0.001380488,0.006706526,-0.001707204
2019-02-15,0.002620057,-0.001514276,0.001855309,-0.000630744,0.007329059,0.005359195,0.005962533
2019-02-19,0.005218982,-0.000550955,-0.003857212,-0.000631514,-0.03483041,-0.020546007,0.001060968
2019-02-20,0.000867239,0.001239422,-0.007182952,-0.005382182,0.003302938,-0.002531518,-0.003186452
2019-02-21,0.00363417,0.004943731,0.009327876,-0.003816927,-0.013276897,0.009163033,0.005728301
2019-02-22,0.003448987,0.002872519,-0.000143021,0.01203699,0.021719552,-0.003575764,0.001479922
2019-02-25,0.00463719,-0.001914199,-0.004151308,0.007215778,-0.008914103,-0.000663587,0.008623407
2019-02-26,0.001198688,-0.003015186,0.029122365,-0.021166502,0.002353902,-0.003723735,0.004387989
2019-02-27,-0.000171212,0.000411946,-0.0099418,0.002232328,0.014005463,0.085633475,-0.000625532
2019-02-28,0.001710369,-0.002335564,0.007011602,0.018308658,-0.129499222,0.006461508,-0.002715871
2019-03-01,-0.010478471,-0.035415569,0.007656766,-0.011640861,0.01726427,0.027921112,-0.015389799
2019-03-04,0.005853988,-0.005859109,-0.000138746,0.003790107,-0.027341478,0.005773755,0.002546109
2019-03-05,0.001715288,-0.000573553,0.00525664,-0.003157269,-0.041910784,0.000117477,-0.001697033
2019-03-06,0.009381531,0.013532093,0.009884586,0.010382263,-0.028186916,0.00702412,0.006348137
2019-03-07,0.001187887,0,-0.000136556,-0.005335073,-0.017301245,-0.008317139,0.003579573
2019-03-08,0.003554811,0.003671587,-0.013895712,-0.008849491,0.013865012,-0.01040582,0.007730093
2019-03-11,0.005728721,0.016194262,0.014578692,0.010107457,0.021005772,0.004270168,0.008194436
2019-03-12,0.001343214,0.000697996,0.002863033,0.005640719,0.006160456,-0.003438534,-0.001885357
2019-03-13,-0.000167783,-0.000697996,0.008405631,-0.020202633,-0.032343125,0.006510954,0.001256978
2019-03-14,-0.008317197,0.011112738,0.003369813,0.01015265,-0.002309516,-0.002007652,-0.000209405
2019-03-15,0.01040679,0.001242641,0.01243605,0.002836763,-0.008708369,-0.002130574,0.008342113
2019-03-18,0.003557917,0.005091776,0.000265303,-0.007583043,-0.004675731,-0.003441983,0.006830123
2019-03-19,-0.003557917,-0.01215319,0.002521241,0.000317228,0.012806059,0.004625807,-0.003512645
2019-03-20,-0.003570374,0.005266152,-0.001458737,-0.008917318,-0.026371647,-0.004150175,-0.001242553
2019-03-21,0.005435694,-0.001660054,0.018539469,0.007648177,0.00237245,0.000474974,0.007021841
2019-03-22,0.002368799,0.006485817,0.012043129,0.007275009,0.011340202,0.01110322,0.004312403
2019-03-25,0.000169024,-0.018183721,-0.005679898,0.006909555,-0.011340123,0.005506083,-0.001640708
2019-03-26,0.003879169,0.001679702,-0.001165449,0.004372121,0.002398138,-0.000584447,0.002255333
2019-03-27,0.002017469,0.005717129,0.009159247,0.008069577,-0.012048378,0.007453515,0.005921265
2019-03-28,-0.00235448,0.001806182,0.017314584,0.005096297,0.012048378,-0.011318163,0.010530797
2019-03-29,-0.000842169,-0.002501705,-0.002021599,0.009199814,0.00179468,0.001406912,-0.003632791
2019-04-01,-0.003376233,-0.005721118,-0.001772165,-0.002139153,0.004175312,0.013270212,-0.002226315
2019-04-02,0.008083792,0.010024981,-0.003935135,-0.003677562,-0.005969992,0.003001718,0.006060641
2019-04-03,-0.001006747,0.004285793,0.009620069,-0.000307069,-0.023017341,0.000691539,0.001408686
2019-04-04,0.001509906,-0.005394672,-0.01408199,0.000614116,0.028987333,0.002876229,-0.000804632
2019-04-05,0.00234414,-0.002916783,0.003316347,0.000306844,-0.006568987,0.006297944,-0.002015192
2019-04-08,-0.001673831,0.00665474,-0.002039407,0.007946191,-0.017528409,-0.002285537,0.000604958
2019-04-09,-0.003020379,-0.007489496,-0.00255528,-0.008253035,0.004259227,-0.015915656,-0.002623754
2019-04-10,0.005363038,0.001947052,0.005994295,-0.002766423,0.000606915,0.062524215,0.00624553
2019-04-11,0.00633124,-0.007111616,0.003174294,0.002459376,0.018635981,-0.029591913,0.001003828
2019-04-12,0.004970143,-0.005191326,0.008456762,0.014629897,-0.010778481,0.016068123,0.003605041
2019-04-15,0.002805501,0.004911581,0.006515053,0.006033266,0.013157917,0.00199073,0.005780801
2019-04-16,-0.001814465,-0.003505771,-0.003001851,-0.003615618,-0.017985723,-0.001215941,0.000198903
2019-04-17,-0.000991036,-0.003517989,-0.000501129,-0.005751638,-0.017084312,-0.006547291,-0.007379935
2019-04-18,0.004945671,-0.029178226,0.005000152,0.004543545,0.00307235,0.007542179,-0.00040069
2019-04-22,-0.01241019,-0.038315369,-0.000498879,-0.001209555,-0.017327319,-0.013933481,-0.010671308
2019-04-23,0.00365609,-0.007569065,0.002616409,-0.009423995,-0.005006137,-0.00316098,-0.002026677
2019-04-24,-0.004322378,0.005908764,0.002113042,0.0127468,0.01432592,0.008331554,0.004856553
2019-04-25,0.000499807,0.00857338,0.017965099,-0.00181117,-0.010569113,-0.012977708,-0.003032639
2019-04-26,0.002494638,0.015603154,0.00024377,0.001509637,0.001873532,0.005437435,0.000202762
2019-04-29,-0.003161169,-0.009778958,0.002192292,0.006014979,0.004357161,0.006979607,-0.00527748
2019-04-30,-0.001167142,0.004308591,0.007152085,0.001797324,0,-0.001908934,0.003859144
2019-05-01,0.001833673,0.007091109,0.001568748,-0.011438812,-0.006855821,0.008505755,-0.002841993
2019-05-02,-0.004506422,0.003380243,0.001085067,-0.000908722,0,0.002226452,0.003652643
2019-05-03,-0.002009531,0.003807409,-0.004588305,-0.001820031,-0.010688398,0.002665177,0.003235424
2019-05-06,0.000502911,0.000292159,0.004347129,0.005751638,-0.006977337,0.007182728,-0.001616507
2019-05-07,0.000334831,0.01320844,-0.009564725,0.006318858,-0.033002182,0.001210705,-0.000809235
2019-05-08,0.000837196,-0.001153968,0.029369646,-0.001501098,0.000657607,0.015279003,-0.001823072
2019-05-09,0.002005907,-0.012785304,0.00612409,-0.015743324,-0.012570575,-0.000758135,-0.008961309
2019-05-10,-0.001336832,0.010038424,0.008534975,0.011529188,-0.010709591,-0.001410381,0.00550849
2019-05-13,0.001002797,0.000434362,-0.004433792,0.00481486,0.008710385,0.005304591,0.000406735
2019-05-14,0.006494165,-0.006387062,0.011394422,-0.020932062,0.004659016,0.000107717,0.000610001
2019-05-15,-0.000664164,-0.003793126,0.006452672,-0.025144932,-0.008000138,-0.004218909,-0.001423638
2019-05-16,0.01057334,0.006846745,0.008350459,-0.00188796,-0.003352234,-0.000542122,0.00750265
2019-05-17,-0.004281954,-0.001889436,-0.004223686,0.007843124,-0.016932459,-0.008606525,-0.003034731
2019-05-21,0.006743835,0.017304182,0.000686412,-0.011629697,-0.016529411,-0.001971149,0.010080485
2019-05-22,0,0.006412704,-0.001144377,0.004416499,0.015162325,0.007970781,-0.000200419
2019-05-23,-0.001968955,0.010737283,-0.00401302,0.005449609,0.00613722,0.008447107,0.012759082
2019-05-24,-0.00016439,0.000281225,0.001492494,-0.002516371,-0.025474831,-0.020922637,-0.003969474
2019-05-27,-0.000164244,-0.004223718,0.000917239,-0.000630037,0.028868015,0.010733983,0.005553226
2019-05-28,0.008019033,0.009128526,0.008446632,-0.004422004,-0.021226352,-0.000653925,-0.001385469
2019-05-29,-0.001794546,-0.001538913,-0.025440346,-0.007307448,-0.003466378,0.006411346,-0.007754224
2019-05-30,-0.004911033,-0.004771837,0.002329321,0.003501449,0.002774081,0.002380282,0.000199481
2019-05-31,-0.001313455,0.000421761,-0.00081443,0.013571352,-0.010442198,0.001727356,-0.003798857
2019-06-03,0.003608204,0.003929832,-0.001980969,-0.005028373,0.004886501,-0.009647408,0.005991749
2019-06-04,0.003921615,0.000420244,-0.008551772,-0.009496728,0.004863011,-0.004694274,0.002982389
2019-06-05,0.010705758,0.001119496,0.030015332,0.0248167,0.023288539,0.019077147,0.006727396
2019-06-06,0.006753456,0.002095899,0.004215506,-0.002485175,0.020107939,0.010785473,0.005310128
2019-06-07,-0.0025675,-0.003237794,0.009616912,-0.005301725,-0.053846041,-0.00244613,-0.00690651
2019-06-10,-0.002090628,-0.00225863,-0.019327298,0.005301725,0.000700051,-0.000212947,0.001197765
2019-06-11,-0.001450209,-0.005242776,-0.002298516,-0.012204922,0.014588538,0.00953921,-0.002196603
2019-06-12,0.008029715,0.011020261,0.011895262,0.019642138,0.016416346,-0.002852176,0.002595422
2019-06-13,-0.030378901,-0.028070788,-0.016739792,-0.003092142,0.02743566,-0.014062455,-0.02749309
2019-06-14,0,-0.002169763,0.009321972,-0.009021649,-0.002643903,-0.007646102,-0.003901835
2019-06-17,-0.007375296,0.002603506,-0.00194917,0.002496736,-0.002650651,0.007860638,-0.009510181
2019-06-18,0.01353535,0.014483426,0.005151299,0.001868625,0.013184235,-0.004299653,0.010949553
2019-06-19,0.003479221,0.00709313,0.011579069,-0.012523584,0.001962668,0.012418611,0.002052525
2019-06-20,-0.0051405,-0.013950255,-0.009070409,-0.009496728,-0.01713947,-0.000638614,-0.005551609
2019-06-21,-0.004164844,-0.00546192,-0.008119448,0.003492629,0.007946983,-0.004909197,-0.004753616
2019-06-24,0.003666084,-0.001298167,-0.003680942,-0.003492629,-0.00927786,0.011065099,0.0026896
2019-06-25,-0.00233134,0.00216271,-0.018377008,-0.012482081,-0.014755366,-0.004666661,-0.0018613
2019-06-26,-0.009380489,-0.005921985,-0.018361941,-0.012966157,-0.004740882,-0.002554255,-0.003732921
2019-06-27,0.005203817,0.006641379,0.006078824,0.013609987,-0.002038872,0.001916371,0.004353827
2019-06-28,-0.002514477,0.008740172,0.00391388,0.003854754,0.007568073,0.001806686,0.001446899
2019-07-02,0.014331168,0.018094904,0.01690182,0.011159252,0.010906605,0.008563714,0.012114115
2019-07-03,-0.000331272,-0.000140288,0.005570983,-0.002539909,0.01480522,-0.000421338,-0.003475478
2019-07-04,-0.000330907,0.002518981,0.002081375,-0.005418397,0.009970323,-0.003481339,-0.006369063
2019-07-05,0.000827341,-0.00153861,-0.001387071,0.014909154,-0.00663591,0.003902677,0.011068238
2019-07-08,-0.008639162,-0.007305289,0.001617752,0.0003149,-0.018817647,-0.000842385,-0.006749228
2019-07-09,0.01045726,-0.003814381,0.005068295,0.007213447,-0.006807393,-0.008890131,0.006341289
2019-07-10,-0.003970983,-0.004113369,0.000114737,0.001873292,-0.007542039,-0.002341049,-0.005315711
2019-07-11,0.001987721,0.000852507,0.002524109,0.002180941,0.000687899,0.053321029,0.002252533
2019-07-12,-0.001821797,-0.000994579,0.006054638,-0.015684067,0.004118013,0.040583358,-0.001842783
2019-07-15,0.002152377,0.00722346,0.009521776,-0.007935273,-0.088756254,0.025759314,0.000205019
2019-07-16,-0.007637398,-0.007507731,-0.002937538,-0.009928093,0.028773823,0.009689954,-0.010089481
2019-07-17,-0.001667946,-0.003988989,-0.000452605,-0.012957757,0.009409937,-0.021194964,0.00495447
2019-07-18,0.003333461,-0.001000018,0.008004915,-0.002611746,0.016434912,0.001051424,-0.00309392
2019-07-19,-0.008522384,-0.005588711,-0.00766532,-0.007547005,0.000708459,0.001431844,-0.004139842
2019-07-22,0.004186727,0.004444956,0.010468867,-0.013263115,0.01336622,-0.00296162,-0.007286471
2019-07-23,0.009645688,-0.00804385,0.005917596,-0.001670322,0.001396544,0.009998703,0.003337496
2019-07-24,-0.004146129,0.015597393,-0.010857014,0.024439957,0.026852033,0.000761152,-0.003546269
2019-07-25,-0.004831296,-0.009701804,0.000224851,-0.014790784,0.009465826,-0.011288753,-0.008816397
2019-07-26,0.002001878,-0.002296695,0.042512831,-0.001656959,-0.005397893,9.62767E-05,0.000843336
2019-07-29,0.004323969,0.003729265,-0.031213244,0.002649733,0.006743128,0.01005027,0.005462058
2019-07-30,-0.004657171,-0.01282332,0.001667173,-0.017351077,0.014014009,-0.001715721,-0.010319334
2019-07-31,-0.005684494,-0.006546939,-0.015670512,0.006374841,0.005946691,-0.005644646,0.004225041
2019-08-01,0.017616814,0.008719716,0.017335399,-0.001673598,0.010484745,0.019571415,0.006722582
2019-08-02,0.004438308,-0.001158162,-0.020612583,0.000669626,-0.009168018,-0.006513085,0.000837194
2019-08-06,-0.003285667,-0.008437907,-0.003400995,0.002006936,-0.014579636,0.014104623,-0.011996169
2019-08-07,0.013728028,0.007858221,0.017896486,0.011625927,0.007978852,-0.006557478,0.009901896
2019-08-08,-0.004392186,-0.002757779,-0.004023884,-0.005629873,0.003965594,-0.001975613,-0.001468505
2019-08-09,-0.000489081,-0.007587186,0.003800939,-0.003993528,-0.003965594,-0.017383324,-0.002101862
2019-08-12,-0.002940119,-0.000585987,-0.012463008,-0.006691055,-0.006644643,-0.000479205,-0.003160647
2019-08-13,0.008470458,0.001464452,0.005071276,0.019282285,0.006644643,0.021340695,0.007569313
2019-08-14,0,-0.010739375,-0.019409446,-0.015262431,-0.011992193,-0.013415171,-0.004618995
2019-08-15,0.002430067,-0.000591795,0.003432915,0.015591741,-0.01485503,-0.003716267,0.006083854
2019-08-16,0.003392254,0.003250679,0.021581144,-0.007599527,0.007455142,0.005996174,0.004382904
2019-08-19,0.007870919,0.00968877,0.00601821,-0.001327485,0.010077065,0.005111208,0.00912117
2019-08-20,-0.010454483,-0.0209632,-0.002113402,-0.008672617,-0.021622236,-0.005300882,-0.016017076
2019-08-21,0.002906027,0.002533059,0.00510841,0.011988263,0.004090029,0.006621981,0.000838634
2019-08-22,-0.00096785,-0.008068194,-0.002230504,-0.001562837,-0.004773316,-0.000566005,-0.004830382
2019-08-23,-0.00956618,-0.009193167,-0.025212005,-0.020848206,-0.055511308,-0.013677913,-0.004854095
2019-08-26,0.000488694,-0.005008656,0.006846505,-0.001020007,-0.016758049,-0.003640956,-0.003602744
2019-08-27,0.002114627,-0.008557517,0.01724848,0.005089111,-0.000735111,0.00306674,-0.004681852
2019-08-28,0.014518681,-0.004614754,0.00279037,0.013445714,0.020379134,0.004487737,0.011452693
2019-08-29,0.005749035,0.012106527,0.015373854,0.008643582,-0.008683124,-0.004774707,0.013406524
2019-08-30,0.003179544,0.003952778,0.004162285,-0.007309017,0.022989644,0.001625831,0.003530905
2019-09-03,0.000793355,-0.004867183,0.000983078,-0.010390551,0.002128392,-0.007000585,0.008464732
2019-09-04,0.002692566,-0.002747922,0.00718072,0.005711449,0.020344315,0.011006546,0.000411397
2019-09-05,0.001264859,-0.003062475,0.014102512,0.009668381,0.039487793,-0.007547981,-0.001233867
2019-09-06,0.003784227,0.014117215,-0.003104806,-0.00099589,-0.016829568,-0.004228752,0.006971488
2019-09-09,0.001886757,0.009855302,-0.022994379,0.001990595,0.012145769,0.008630737,-0.002628394
2019-09-10,-0.002674074,0.002110095,-0.019835629,-0.005317175,0.010673857,-0.001337888,-0.001452
2019-09-11,0.006437105,0.011377313,-0.014429429,0.007965526,0.011217673,0.013013676,-0.001038398
2019-09-12,0.006706643,0.003120979,0.011290535,-0.001654363,0.002621205,0.007709299,0.007864195
2019-09-13,0.001619711,0.000890003,-0.002247762,-0.001988693,0.042914,-0.009598264,-0.002889946
2019-09-16,-0.010901507,-0.009234532,-0.013252901,-0.006323844,0.013080085,-0.002840773,-0.00559765
2019-09-17,0.009643696,0.00700839,0.021544888,0.02408163,-0.008077082,0.032740622,0.010340956
2019-09-18,0.006898766,-0.001933742,-0.002569811,-0.002611032,-0.016352392,-0.016282826,0.004926622
2019-09-19,-0.004855449,-0.005972773,0.002123495,0.007163722,0.002533223,0.006508084,-0.002255078
2019-09-20,0.007508205,0.000449068,-0.009760392,0.017688136,0.015066119,0.010050194,0.006953099
2019-09-23,-0.001715724,-0.012048202,0.001576985,-0.019961757,-0.016332092,-0.002020436,-0.012715418
2019-09-24,0.00467222,0.00859929,0.003707722,0.013886734,-0.006353112,-0.000459569,-0.00455106
2019-09-25,-0.002177796,-0.005422477,0.006929057,-0.013886734,0.013924371,-0.006829187,-0.009792988
2019-09-26,0.0006229,0.000302044,-0.001337497,-0.001627441,-0.003778626,0.004803644,-0.006512055
2019-09-27,-0.002649097,-0.021673849,-0.020733158,-0.018741344,-0.027238731,-0.023686357,-0.01379312
2019-09-30,-0.000155951,-0.004329684,0.008164295,-0.001660958,0.01759548,0.007520991,0.00745088
2019-10-01,0.001091829,0.005255101,-0.007367483,0.004974389,-0.028170783,-0.00648314,0.005709902
2019-10-02,-0.002184912,-0.002160424,-0.0022781,-0.006637877,0.009917493,0.005640027,-0.003803029
2019-10-03,0.004986823,0.003546973,0.010661297,0.010929112,-0.002635157,0.012297502,0.004435367
2019-10-04,0.006661939,0.00046172,0.009878877,0.009506775,-0.007282335,0.001849973,0.00336652
2019-10-07,-0.003867697,-0.006483653,-0.001453215,0.001955558,-0.017426717,0.001293118,-0.00042015
2019-10-08,0.000619742,-0.009491923,-0.018061124,-0.004242186,-0.002708307,-0.007411671,-0.007170004
2019-10-09,0.003093697,-0.00109488,0.017837549,0.005218552,-0.001356607,0.005008879,0.007170004
2019-10-10,0.004776012,-0.003449446,-0.002576997,-0.003258293,0.016829614,-0.003150826,0.003565685
2019-10-11,-0.008179652,-0.000314391,-0.009921008,-0.001306387,0.005326466,-0.000185443,-0.001256859
2019-10-15,0.003094734,0.005952434,-0.007962789,0.00943245,0.004637224,0.015658271,-0.000839099
2019-10-16,-0.001701007,0.020099734,-0.001600352,-0.002593145,-0.003310324,0.011630047,0.002095959
2019-10-17,-0.006364996,-0.002605499,0.003083724,-0.007166131,0.004631257,-0.005979655,-0.003986011
2019-10-18,-0.001558651,0.001839837,-0.001940512,-0.000981232,0.002636643,-0.00382415,0.000840476
2019-10-21,0.002337187,0.014749693,0.004673806,0.010092965,0.013080761,0.00300571,0.006698707
2019-10-22,-0.005461595,0.002110857,-0.00891037,0.002264982,0.006476688,0.005804137,-0.000834758
2019-10-23,-0.045618798,-0.084672245,-0.003448322,-0.024539222,-0.008427886,-0.033468128,-0.045059269
2019-10-24,-0.000983263,-0.010547497,0.010195638,-0.01602702,-0.002607755,-0.01014971,0.002617634
2019-10-25,-0.001476244,0.013330208,-0.015969086,-0.003033724,-0.017781058,0.023708466,0.002393624
2019-10-28,0.010777242,0.012348028,0.002775261,0.005722985,-0.01001675,0.003682919,0
2019-10-29,0.007282104,-0.007943622,0.013763458,0.006023998,0.006688969,0.014597444,0.005635064
2019-10-30,0.011542462,0.003087553,0.014811693,0.017529869,0.00199798,0.018485774,0.011389359
2019-10-31,-0.004152971,0.006147028,-0.006643693,0.003926631,0.000665248,0.012195205,0.001067893
2019-11-01,-0.000480131,-0.003877831,0.003496269,0.006510315,0.012553762,0.003945006,-0.005994511
2019-11-04,0.000960279,-0.002918335,-0.006891425,-0.015367112,0.031030345,-0.018543848,-0.000859468
2019-11-05,0.002077604,0.006473563,-0.005228593,-0.002639536,-0.014102855,-0.024175839,0.006213327
2019-11-06,0.002391743,0.013141294,0.002844872,0,0.016645632,-0.002925881,0.009565417
2019-11-07,0.008247442,0.006348092,0,0.020599142,0.012618509,0.005934576,0.041033443
2019-11-08,-0.001580765,-0.012096315,0.011412015,0.026821426,-0.013253678,0.003362558,0.012510362
2019-11-11,0.009917365,0.010354552,0.02079127,0.031019735,-0.00063525,0.014501694,-0.003615856
2019-11-12,0.003127909,-0.002379846,-0.005959792,0,-0.014729878,0.012683063,0.007218585
2019-11-13,0.000936448,0.01121545,0.016358857,0.004267237,-0.006472661,0.019076557,0.009347055
2019-11-14,0.000623986,-0.004881376,0.00618773,0.012692689,0.00711758,0.010222913,-0.004364327
2019-11-15,-0.000156131,0.006137275,0.008406222,0.006883433,0.006426821,0.001119822,0.003571985
2019-11-18,0.004511844,-0.008507938,0.007271415,0.00446356,-0.00836299,0.018763978,-0.005761437
2019-11-19,-0.003265065,0.004263163,0.011230059,-0.006254919,-0.01759548,0.003289851,-0.005193703
2019-11-20,-0.004526613,-0.00363041,0.007137442,0.003579098,0.005899572,-0.002614186,0.003798165
2019-11-21,-0.001565587,-0.004755219,0.001156023,-0.004400681,-0.009192539,0.007403057,-0.003998381
2019-11-22,-0.003610477,0.004280663,-0.005265486,0.003294637,-0.042444854,-0.003610569,-0.00160408
2019-11-25,0.002356054,0.005364474,0.006839514,0.006557683,-0.030750101,0.004113497,0.001002939
2019-11-26,-0.00219874,-0.004573766,-0.005573196,-0.017079299,-0.01070289,-0.022021837,0.002002416
2019-11-27,0.001099964,-0.000158055,-0.007409322,0.004522962,0.0191835,-0.019194703,0.002198151
2019-11-28,0.002822944,0.007874072,-0.007142697,0,0.020892066,0.006178855,-0.000399164
2019-11-29,0.00140856,0.010454945,-0.006225515,-0.009066403,0.013009426,-0.004608809,0.001396552
2019-12-02,-0.005645879,-0.018645367,0.003117608,-0.007312504,-0.006825946,0.001480641,-0.002995653
2019-12-03,-0.000629483,-0.000316303,-0.007433527,-0.007674684,-0.017968696,-0.001132092,-0.00240263
2019-12-04,0.006119045,0.009290484,-0.00585628,-0.000924828,0.002785721,-0.002180573,0.005597681
2019-12-05,0.001562896,0.002504938,0.008987255,0.005536575,-0.009081579,0.011115085,0.01385895
2019-12-06,0.008398275,0.009646963,0.013597005,0.015523177,-0.051108734,-0.006324039,0.007638842
2019-12-09,-0.001860202,-0.008709471,-0.002662086,-0.001511086,-0.033035887,-8.68232E-05,0.002143826
2019-12-10,-0.00093136,-0.00710934,0.002874448,0.00903357,-0.015384972,0.005719846,-0.011029974
2019-12-11,0.002171873,0.000158473,0.002230517,0.013990282,-0.011696006,0.009460596,-0.000796937
2019-12-12,-0.004971269,0.002374891,-0.001380049,-0.005929502,0.072594168,-0.009806513,-0.003193718
2019-12-13,-0.011530055,0.010697009,0.011511833,-0.016489579,0.083235698,0.004313041,-0.001800724
2019-12-16,0.005091656,0.003592353,0.002412577,0.002415331,0.019276,-0.002326666,0.001200925
2019-12-17,-0.024093884,-0.007511768,0.00355505,-0.007871665,0.028554784,-0.018986779,0.003793517
2019-12-18,-0.013915117,-0.015035428,-0.015887473,0.006664676,-0.014824661,-0.002729655,-0.002993948
2019-12-19,0.003455928,0.03340178,-0.000530464,0.008418627,-0.001949848,0.006503412,0.004586744
2019-12-20,0.000164048,-0.001388985,0.004763709,0.000598339,-0.005218424,0.002012634,0.004764007
2019-12-23,-0.000328373,0.003699771,-0.007739352,-0.006604513,0.011703677,-0.005962163,0.000395949
2019-12-24,-0.002632465,-0.003236526,0.003294168,0.001504859,0.019206681,-0.001056155,-0.000990241
2019-12-27,-0.001483692,0.00092574,-0.001805288,-0.000300672,-0.012763542,-0.000263958,0.001781914
2019-12-30,-0.004630563,-0.004637384,-0.007252554,0.000601498,0.010859244,-0.006094614,-0.002971558
2019-12-31,-0.002821839,-0.000930117,-0.005689261,-0.003614566,0.008225573,0.002919389,-0.002582034
2020-01-02,-0.008345823,0.000930117,0.009002248,0.002712201,0.015009492,0.000530077,0.002582034
2020-01-03,0.000670182,-0.003259272,0.00606284,-0.000602181,-0.00884971,0.003877246,-0.001985498
2020-01-06,0.009336496,0.000310965,0.00855298,-0.004829422,0.006329225,-0.004407323,-0.000198806
2020-01-07,0.003644361,0.007431591,0.007332985,0.006033142,0.011292485,-0.001414593,0.004166258
2020-01-08,0.002641944,0.004156004,0.010796137,0.000901892,-0.009401487,-0.000707658,0.000593723
2020-01-09,-0.005788504,-0.001999021,0.016791638,-0.016053691,0.003143634,-0.003636226,-0.006351609
2020-01-10,0.003807574,-0.005246979,-0.004069583,0.002439887,-0.010094661,0.004255501,0.001193896
2020-01-13,0.006587624,0.004323163,0.013266745,-0.003050791,-0.017914857,-0.000796481,0.001589729
2020-01-14,-0.000492569,0.001077974,0.007517038,-0.003979815,0.01027628,-0.000177247,-0.001589729
2020-01-15,0.003606639,-0.003546026,0.007659056,0.008552482,-0.00512502,-0.098574461,0.002978887
2020-01-16,0.007174261,0.001543328,0.016022292,0.006064381,0.006402162,0.007691459,0.008293787
2020-01-17,0.008896175,0.001386845,0.00525188,0.008428798,-0.001916124,0.009075178,0.008810683
2020-01-20,-0.002418291,-0.002930173,0.00213181,0.010733345,0.016487399,0.003453967,0.000974324
2020-01-21,-0.002100753,-0.002783772,-0.001840701,0.004438335,-0.007576123,-0.007788251,0.005050318
2020-01-22,0.006128138,0.03200511,0.00396789,0.003242641,0.006946954,0.021202213,0.007143723
2020-01-23,0.005451422,0.001349081,-0.000579759,-0.013629914,-0.001889807,-0.014084803,0.002113924
2020-01-24,-0.001600359,-0.009632616,0.005686135,-0.006284579,-0.01332944,0.010392615,0.004405845
2020-01-27,0.003995782,0.008733529,0.011370698,0.019620179,-0.019355477,0.017302985,0.009511198
2020-01-28,0.007152554,0.005382814,0.005022978,-0.0133356,0.01679637,-0.004603873,0.012791645
2020-01-29,-0.006036791,-0.007183641,0.003868462,-0.006584954,0.015888547,-0.011650726,-0.007128215
2020-01-30,0.000955705,-0.004365188,0.006008915,-0.005118078,-0.011414379,0.006173766,0.001129126
2020-01-31,-0.007349269,-0.000452569,-0.004127313,-0.008792182,-0.007682349,-0.016324088,-0.002447937
2020-02-03,-0.000481171,-0.002871646,0.008517198,0.003951035,0.021615704,0.019444041,0.00188351
2020-02-04,0.006078066,0.002871646,0.009184339,0.004237288,0.045490242,0.01014259,0.00487993
2020-02-05,0.002548196,0.000754272,-0.014791849,-0.001813803,0,0.000747329,0.000561449
2020-02-06,0.020933884,0.006313896,0.01976573,0.002417661,-0.000601181,0.014092764,0.011350068
2020-02-07,0.000311688,-0.002250412,-0.006915101,0.003916307,-0.025579922,0.014894731,0.009024951
2020-02-10,0.002643598,-0.003912563,0.008292513,0.001502146,0.004308993,-0.015908102,0.00948911
2020-02-11,-0.002332244,-0.005291526,-0.007737724,-0.006626606,-0.00184457,-0.021706534,0.000725881
2020-02-12,0.003418506,0.002876062,-0.001665859,-0.001512211,0.011016042,0.003103069,0.004527145
2020-02-13,-0.004820638,-0.004848607,0.002867362,-0.002424255,0.024054043,0.0068303,-0.014925611
2020-02-14,0.002802143,-0.001976531,0.00258285,-0.002429934,-0.016776785,-0.002333741,-0.014779613
2020-02-18,0.013280238,0.010897695,-0.004154364,0.012993007,0.02388177,-0.001964728,0.007786558
2020-02-19,-0.001842912,0.002855847,0.00360127,0.001200108,0.026776746,0.002618727,-0.007972525
2020-02-20,-0.003078134,-0.009349961,-0.001198663,-0.006618561,-0.012135428,0.002239305,-0.032349595
2020-02-21,-0.006185174,-0.014959669,-0.010203328,-0.002720364,-0.008172857,0.010660525,-0.002502598
2020-02-24,-0.008724217,0.00506245,-0.006172348,0.000907587,-0.027333596,9.22557E-05,-0.009100599
2020-02-25,-0.015929698,-0.019781203,0.005612839,-0.009723541,0.004807559,-0.004250334,-0.011739608
2020-02-26,-0.006059895,0.004205325,-0.037640009,-0.006432708,-0.016319482,-9.26486E-05,-0.007705304
2020-02-27,-0.014013003,0.001242624,-0.001842113,-0.009572581,0.007890987,-0.004175753,-0.002382725
2020-02-28,-0.044783593,-0.046224306,-0.032948309,-0.027364249,-0.019536748,-0.012350281,-0.037679039
2020-03-02,0.049637934,0.04015188,0.019368168,0.012044364,0.017115208,0.014486754,0.032496604
2020-03-03,-0.001939,-0.004696187,-0.00068893,0.00188852,0.034547793,-0.007263821,-0.005209383
2020-03-04,0.028067621,0.029225045,0.032348242,0.026378543,0.007001135,0.019437806,0.031830265
2020-03-05,-0.014573445,-0.024372563,-0.023859005,-0.009849132,-0.033099709,-0.019344292,-0.021239641
2020-03-06,-0.00447785,-0.005166401,-0.016218774,-0.009322717,-0.015138181,0.015946911,-0.006380887
2020-03-09,-0.080924509,-0.066555118,-0.038311613,-0.051243867,-0.075375811,-0.029117531,-0.052989757
2020-03-10,0.049170792,0.031622019,0.032311489,0.02370623,0.017607224,0.011299679,0.039218923
2020-03-11,-0.040863598,-0.021695023,-0.050079848,-0.009674542,-0.051055296,-0.040120131,-0.029803296
2020-03-12,-0.133482095,-0.141093704,-0.105911041,-0.112007297,-0.109905843,-0.109157898,-0.14230355
2020-03-13,0.111370024,0.128627136,0.048734083,0.105505425,0.083715466,0.124440226,0.116589764
2020-03-16,-0.096403535,-0.055773207,-0.103179138,-0.073756647,-0.073141521,-0.065652752,-0.125655031
2020-03-17,0.058801007,0.039365427,0.015355558,0.049659044,0.004497673,0.106282675,0.079455535
2020-03-18,-0.042171459,-0.069017566,-0.00085381,-0.070592906,-0.034236617,-0.126054423,-0.047245742
2020-03-19,0.057675731,0.050406647,0.028624924,0.052726217,-0.043502229,0.020284314,0.072165844
2020-03-20,-0.052836931,-0.041765959,-0.052704448,-0.051293219,-0.090873853,-0.021958283,-0.054683475
2020-03-23,-0.10903571,-0.144707161,-0.045383941,-0.028692676,-0.143239443,-0.066348597,-0.068825798
2020-03-24,0.090718829,0.10968774,0.074089118,0.065942201,0.048740553,0.033670429,0.027222642
2020-03-25,0.051362237,0.040313838,0.046508964,0.061861642,0.163311375,-0.007167024,0.048138992
2020-03-26,0.026363116,0.017149785,0.004280141,-0.018778241,-0.019550106,-0.019811506,0.018899257
2020-03-27,-0.023564968,-0.037568077,0.004951494,-0.005669676,0.01109681,0.025895809,-0.030130208
2020-03-30,0.027016116,0.061094605,0.079353361,0.045439969,-0.02492599,0.02724675,0.009834039
2020-03-31,0.045720397,0.02656708,0.017146562,-0.00576893,0.083451177,0.006304651,0.036151211
2020-04-01,-0.042461748,-0.009579382,-0.03168142,-0.021443577,-0.067050235,-0.018714043,-0.012208799
2020-04-02,0.036554897,0.007022417,0.017924205,-0.005598457,0.017819799,0.003834623,0.023382226
2020-04-03,-0.01156709,-0.006163367,-0.008282061,-0.005629976,-0.008446052,0.000956522,-0.009825807
2020-04-06,0.014003386,0.059017092,0.03210498,0.052720194,0.03827407,0.02361691,0.040893459
2020-04-07,0.002257152,0.018128497,-0.015189563,-0.042806034,0.011363835,-0.005200216,-0.010394119
2020-04-08,-0.007135957,-0.033463046,0.029236309,-0.021942482,0.015218608,-0.004179808,-0.024235468
2020-04-09,0.002790837,-0.011574274,0.011136978,0.004025563,0.001588476,-0.01190304,-0.006713024
2020-04-13,0.01022433,0.00381768,-0.011442546,-0.007392493,-0.00079402,-0.006698243,0.011163341
2020-04-14,0.009438238,0.004298278,0.022855269,0.010734781,0.002380171,0.020379847,0.033620175
2020-04-15,-0.008920994,-0.022859164,-0.014336813,-0.006695746,-0.067183369,-0.000209094,-0.022580187
2020-04-16,-0.006743271,-0.000168783,0.009447369,0.004022787,-0.024014825,-0.006818737,-0.016829342
2020-04-17,0.014468016,0.017403263,0.01755054,0.032260884,-0.02105355,0.025154382,0.016829342
2020-04-20,-0.007552368,-0.001992504,-0.015252515,0.014152559,-0.004442234,0.028403269,-0.010152286
2020-04-21,-0.02353459,-0.046266683,-0.020162187,-0.051108335,-0.000891039,-0.01639363,-0.032922989
2020-04-22,0.008781246,0.012284921,0.027321958,0.000336012,0.008873123,0.010353219,0.028030899
2020-04-23,-0.013377987,-0.015423675,-0.018703148,0.009697558,0.031307007,0.019697691,-0.006709802
2020-04-24,0.00088563,0.016626657,0.009145401,0.003985301,-0.044646282,-0.016672884,0.014260335
2020-04-27,0.009515318,-0.001719077,0.005088927,0.010878668,0.039496127,0.015186716,0.005295778
2020-04-28,0.00472392,0.017735829,-0.005789523,0.027168605,0.030510833,0.050559229,0.00351477
2020-04-29,0.000523588,0.002869421,-0.001101977,-0.018680224,0.044088663,-0.010233234,0.014802456